original_question,question_type,missing_fields,clarification_question,student_response,clarification_history,final_question,session_id,prompt_id,created_at
질문 유형: K1,K1,"정확한 용어, 단원 정보, 맥락 정보",어떤 부분이 궁금하신가요?,더알려줘,"**명료화 대화 히스토리**: 없음

위 정보를 바탕으로 명료화 평가를 수행하고 결과를 JSON 형식으로 응답하세요.",,0,93,2025-10-27 05:39:18.983036+00:00
질문 유형: K1,K1,"정확한 용어, 단원 정보, 맥락 정보",어떤 부분이 궁금하신가요?,피타고라스 정리,"**명료화 대화 히스토리**: 없음

위 정보를 바탕으로 명료화 평가를 수행하고 결과를 JSON 형식으로 응답하세요.",,0,95,2025-10-27 05:45:29.612355+00:00
이차함수 알려줘,K1,"정확한 용어, 단원 정보, 맥락 정보",어떤 부분이 궁금하신가요?,피타고라스의 정리가 뭔지 설명해줘,"**명료화 대화 히스토리**:
  1. 질문: 이차함수의 어떤 부분이 가장 궁금하신가요? 예를 들어 그래프 모양, 성질, 혹은 예제 풀이 중 어떤 걸 알고 싶으신가요? 😊 → 답변: 꼭짓점
  2. 질문: 이차함수에서 꼭짓점을 이용해서 그래프를 그리는 방법을 더 알고 싶으신가요, 아니면 꼭짓점이 어떤 의미를 가지는지 좀 더 자세히 배우고 싶으신가요? 😊 → 답변: 더알려줘
  3. 질문: 구체적으로 어떤 주제나 개념에 대해 더 알고 싶은지 알려주실 수 있나요? 예를 들어, 수학이라면 '이차함수의 그래프'나 '피타고라스 정리'처럼 구체적인 내용을 말해주세요. → 답변: 피타고라스 정리
  4. 질문: 피타고라스 정리에 대해 구체적으로 어떤 점이 궁금하신가요? (예: 정의, 증명, 활용 등) → 답변: 피타고라스의 정리가 뭔지 설명해줘

위 정보를 바탕으로 명료화 평가를 수행하고 결과를 JSON 형식으로 응답하세요.",,0,96,2025-10-27 05:48:07.148682+00:00
기존 유형: K1,,,,피타고라스의 정리가 뭔지 설명해줘,,,0,97,2025-10-27 05:48:08.986273+00:00
문제 1,K3,"문제 유형, 주어진 조건, 결과 형식","3번(귀납 단계)에서 정확히 어떤 부분이 헷갈리거나 알고 싶으신가요? 예를 들어 '귀납 가정을 어떻게 썼는지', '(k+1)2^k와 2^{k+1}을 비교하는 부분', 아니면 '왜 시작값을 n≥4로 잡았는지' 중 어느 부분인지 구체적으로 말씀해 주실래요? 😊",안된,"**명료화 대화 히스토리**:
  1. 질문: 3번(귀납 단계)에서 정확히 어떤 부분이 헷갈리거나 알고 싶으신가요? 예를 들어 '귀납 가정을 어떻게 썼는지', '(k+1)2^k와 2^{k+1}을 비교하는 부분', 아니면 '왜 시작값을 n≥4로 잡았는지' 중 어느 부분인지 구체적으로 말씀해 주실래요? 😊 → 답변: 안된

위 정보를 바탕으로 명료화 평가를 수행하고 결과를 JSON 형식으로 응답하세요.",,0,204,2025-10-27 08:33:57.163162+00:00
기존 유형: K3,,,,안된,,,0,205,2025-10-27 08:34:12.765016+00:00
이차함수 알려줘,K2,"비교 대상, 설명 깊이, 연결성","이차함수에서 어떤 부분을 먼저 알고 싶나요? 정의와 기본 그래프, 꼭짓점·축·대칭 같은 성질, 근(해) 구하는 방법(인수분해·근의 공식) 중에서 선택하거나, 교과서 수준의 전체 개요를 원하시는지 말씀해 주실래요? 😊",꼭짓점,"**명료화 대화 히스토리**:
  1. 질문: 이차함수에서 어떤 부분을 먼저 알고 싶나요? 정의와 기본 그래프, 꼭짓점·축·대칭 같은 성질, 근(해) 구하는 방법(인수분해·근의 공식) 중에서 선택하거나, 교과서 수준의 전체 개요를 원하시는지 말씀해 주실래요? 😊 → 답변: 꼭짓점

위 정보를 바탕으로 명료화 평가를 수행하고 결과를 JSON 형식으로 응답하세요.",,0,299,2025-10-28 05:05:58.871862+00:00
기존 유형: K2,,,,꼭짓점,,,0,300,2025-10-28 05:06:17.410532+00:00
수학적 귀납법으로 n! < n^n임을 알려줘,K3,"문제 유형, 주어진 조건(정수의 범위, 기저 사례), 결과 형식(부등식의 시작 n값과 strict 여부)","이 부등식을 어떤 자연수 범위에서 증명하길 원하나요? 예를 들어 n=1부터인지, 아니면 n≥2부터 증명하면 될지 당신 생각을 말씀해줄 수 있나요? 😊",적당히 큰 수부터 해줘,"**명료화 대화 히스토리**:
  1. 질문: 이 부등식을 어떤 자연수 범위에서 증명하길 원하나요? 예를 들어 n=1부터인지, 아니면 n≥2부터 증명하면 될지 당신 생각을 말씀해줄 수 있나요? 😊 → 답변: 적당히 큰 수부터 해줘

위 정보를 바탕으로 명료화 평가를 수행하고 결과를 JSON 형식으로 응답하세요.",,0,440,2025-10-29 04:39:36.293914+00:00
수학적 귀납법으로 n! < n^n임을 알려줘,K3,"문제 유형, 주어진 조건(정수의 범위, 기저 사례), 결과 형식(부등식의 시작 n값과 strict 여부)","이 부등식을 어떤 자연수 범위에서 증명하길 원하나요? 예를 들어 n=1부터인지, 아니면 n≥2부터 증명하면 될지 당신 생각을 말씀해줄 수 있나요? 😊",맞음,"**명료화 대화 히스토리**:
  1. 질문: 이 부등식을 어떤 자연수 범위에서 증명하길 원하나요? 예를 들어 n=1부터인지, 아니면 n≥2부터 증명하면 될지 당신 생각을 말씀해줄 수 있나요? 😊 → 답변: 적당히 큰 수부터 해줘
  2. 질문: Do you want a proof by mathematical induction that n! < n^n for all natural numbers n ≥ 2 (i.e., start the induction at n=2)? → 답변: 맞음

위 정보를 바탕으로 명료화 평가를 수행하고 결과를 JSON 형식으로 응답하세요.",,0,441,2025-10-29 04:40:03.067351+00:00
기존 유형: K3,,,,맞음,,,0,442,2025-10-29 04:40:16.995135+00:00
"너 혹시 ""재와와"" 라는 개새끼 알아?",K3,"문제 유형, 주어진 조건, 결과 형식","어떤 단원이나 주제를 공부하고 싶으세요? 지금까지 그 부분을 어디까지 이해하셨고, 개념 설명·예제 풀이·문제 연습 중 어떤 방식으로 진행하면 좋을지도 알려주실래요? 😊",1+1이 뭐야?,"**명료화 대화 히스토리**:
  1. 질문: 어떤 단원이나 주제를 공부하고 싶으세요? 지금까지 그 부분을 어디까지 이해하셨고, 개념 설명·예제 풀이·문제 연습 중 어떤 방식으로 진행하면 좋을지도 알려주실래요? 😊 → 답변: 1+1이 뭐야?

위 정보를 바탕으로 명료화 평가를 수행하고 결과를 JSON 형식으로 응답하세요.",,0,478,2025-10-29 04:46:48.781540+00:00
$\forall$ 이거 뭐임,K1,"단원 정보, 정확한 용어, 맥락 정보","보내신 기호들 중에서 특히 어떤 기호(예: ∧, 쉼표 등)가 궁금하신가요? 그 기호를 어디에서 보셨는지(수학식, 논리식, 교과서 예제, 채팅 등) 예를 하나 알려주실래요? 😊",세상에서 가장 어려운 수학식이 뭐야?,"**명료화 대화 히스토리**:
  1. 질문: 보내신 기호들 중에서 특히 어떤 기호(예: ∧, 쉼표 등)가 궁금하신가요? 그 기호를 어디에서 보셨는지(수학식, 논리식, 교과서 예제, 채팅 등) 예를 하나 알려주실래요? 😊 → 답변: 세상에서 가장 어려운 수학식이 뭐야?

위 정보를 바탕으로 명료화 평가를 수행하고 결과를 JSON 형식으로 응답하세요.",,0,485,2025-10-29 04:49:25.005692+00:00
$\forall$ 이거 뭐임,K1,"단원 정보, 정확한 용어, 맥락 정보","보내신 기호들 중에서 특히 어떤 기호(예: ∧, 쉼표 등)가 궁금하신가요? 그 기호를 어디에서 보셨는지(수학식, 논리식, 교과서 예제, 채팅 등) 예를 하나 알려주실래요? 😊",주겄네,"**명료화 대화 히스토리**:
  1. 질문: 보내신 기호들 중에서 특히 어떤 기호(예: ∧, 쉼표 등)가 궁금하신가요? 그 기호를 어디에서 보셨는지(수학식, 논리식, 교과서 예제, 채팅 등) 예를 하나 알려주실래요? 😊 → 답변: 세상에서 가장 어려운 수학식이 뭐야?
  2. 질문: Do you mean the symbol '∀' (the universal quantifier)? Where did you see it (e.g., math textbook, logic exercise, chat, programming)? Do you want a simple plain-language meaning, a formal logic definition, reading/pronunciation, or examples of use? Please answer one of these choices. → 답변: 주겄네

위 정보를 바탕으로 명료화 평가를 수행하고 결과를 JSON 형식으로 응답하세요.",,0,488,2025-10-29 04:50:04.952765+00:00
질문 유형: K1,K1,"정확한 용어, 단원 정보, 맥락 정보",어떤 부분이 궁금하신가요?,다른 예시가보고싶어,"**명료화 대화 히스토리**: 없음

위 정보를 바탕으로 명료화 평가를 수행하고 결과를 JSON 형식으로 응답하세요.",,0,511,2025-10-29 06:14:08.931561+00:00
삼각함수와 수학적 귀납법이 연관있는 분야가 있나,K1,"정확한 용어, 단원 정보, 맥락 정보",어떤 부분이 궁금하신가요?,위에서 말한 예시말이야,"**명료화 대화 히스토리**:
  1. 질문: 어떤 부분을 더 자세히 알고 싶으세요? 드무아브르 공식 증명, sin(nx) 재귀식 유도, 등차각 합 공식 증명, 체비쇼프 다항식 설명 중 어느 하나를 선택해 주시거나, 지금까지 이해한 부분과 특히 헷갈리는 점을 말씀해 주시면 그 부분을 중심으로 자세히 설명해 드릴게요 😊 → 답변: 다른 예시가보고싶어
  2. 질문: 어떤 내용에 대한 다른 예시를 보고 싶으신가요? 예를 들어, 특정 수학 개념이나 문제 유형에 대한 예시를 말씀해주시면 더 정확한 답변을 드릴 수 있습니다. → 답변: 위에서 말한 예시말이야

위 정보를 바탕으로 명료화 평가를 수행하고 결과를 JSON 형식으로 응답하세요.",,0,512,2025-10-29 06:14:18.389498+00:00
삼각함수와 수학적 귀납법이 연관있는 분야가 있나,K1,"정확한 용어, 단원 정보, 맥락 정보",어떤 부분이 궁금하신가요?,다른예시,"**명료화 대화 히스토리**:
  1. 질문: 어떤 부분을 더 자세히 알고 싶으세요? 드무아브르 공식 증명, sin(nx) 재귀식 유도, 등차각 합 공식 증명, 체비쇼프 다항식 설명 중 어느 하나를 선택해 주시거나, 지금까지 이해한 부분과 특히 헷갈리는 점을 말씀해 주시면 그 부분을 중심으로 자세히 설명해 드릴게요 😊 → 답변: 다른 예시가보고싶어
  2. 질문: 어떤 내용에 대한 다른 예시를 보고 싶으신가요? 예를 들어, 특정 수학 개념이나 문제 유형에 대한 예시를 말씀해주시면 더 정확한 답변을 드릴 수 있습니다. → 답변: 위에서 말한 예시말이야
  3. 질문: 이전에 언급된 예시들 (드무아브르 공식 증명, sin(nx) 재귀식 유도, 등차각 합 공식 증명, 체비쇼프 다항식 설명) 중에서 어떤 예시에 대해 더 자세히 알고 싶으신가요? 또는 혹시 이 외에 궁금한 다른 예시가 있으신가요? → 답변: 다른예시

위 정보를 바탕으로 명료화 평가를 수행하고 결과를 JSON 형식으로 응답하세요.",,0,513,2025-10-29 06:14:24.725700+00:00
삼각함수와 수학적 귀납법이 연관있는 분야가 있나,K1,"정확한 용어, 단원 정보, 맥락 정보",어떤 부분이 궁금하신가요?,맞아,"**명료화 대화 히스토리**:
  1. 질문: 어떤 부분을 더 자세히 알고 싶으세요? 드무아브르 공식 증명, sin(nx) 재귀식 유도, 등차각 합 공식 증명, 체비쇼프 다항식 설명 중 어느 하나를 선택해 주시거나, 지금까지 이해한 부분과 특히 헷갈리는 점을 말씀해 주시면 그 부분을 중심으로 자세히 설명해 드릴게요 😊 → 답변: 다른 예시가보고싶어
  2. 질문: 어떤 내용에 대한 다른 예시를 보고 싶으신가요? 예를 들어, 특정 수학 개념이나 문제 유형에 대한 예시를 말씀해주시면 더 정확한 답변을 드릴 수 있습니다. → 답변: 위에서 말한 예시말이야
  3. 질문: 이전에 언급된 예시들 (드무아브르 공식 증명, sin(nx) 재귀식 유도, 등차각 합 공식 증명, 체비쇼프 다항식 설명) 중에서 어떤 예시에 대해 더 자세히 알고 싶으신가요? 또는 혹시 이 외에 궁금한 다른 예시가 있으신가요? → 답변: 다른예시
  4. 질문: 어떤 종류의 '다른 예시'를 찾고 계신가요? 예를 들어, 삼각함수와 수학적 귀납법이 사용되는 특정 문제 유형에 대한 예시를 원하시나요, 아니면 두 개념이 연결되는 더 넓은 수학적 맥락에 대한 예시를 원하시나요? → 답변: 맞아

위 정보를 바탕으로 명료화 평가를 수행하고 결과를 JSON 형식으로 응답하세요.",,0,514,2025-10-29 06:14:29.302968+00:00
삼각함수와 수학적 귀납법이 연관있는 분야가 있나,K3,"문제 유형, 주어진 조건, 결과 형식","이전 답변에서 설명드렸던 여러 예시들 중에 어떤 것을 더 자세히 알아보고 싶으신가요? 예를 들어, 드무아브르 공식 증명이나 sin(nx)의 재귀식 유도 같은 것 말이에요. 😊",아니 다른예시들을 더 달라고,"**명료화 대화 히스토리**:
  1. 질문: 어떤 부분을 더 자세히 알고 싶으세요? 드무아브르 공식 증명, sin(nx) 재귀식 유도, 등차각 합 공식 증명, 체비쇼프 다항식 설명 중 어느 하나를 선택해 주시거나, 지금까지 이해한 부분과 특히 헷갈리는 점을 말씀해 주시면 그 부분을 중심으로 자세히 설명해 드릴게요 😊 → 답변: 다른 예시가보고싶어
  2. 질문: 어떤 내용에 대한 다른 예시를 보고 싶으신가요? 예를 들어, 특정 수학 개념이나 문제 유형에 대한 예시를 말씀해주시면 더 정확한 답변을 드릴 수 있습니다. → 답변: 위에서 말한 예시말이야
  3. 질문: 이전에 언급된 예시들 (드무아브르 공식 증명, sin(nx) 재귀식 유도, 등차각 합 공식 증명, 체비쇼프 다항식 설명) 중에서 어떤 예시에 대해 더 자세히 알고 싶으신가요? 또는 혹시 이 외에 궁금한 다른 예시가 있으신가요? → 답변: 다른예시
  4. 질문: 어떤 종류의 '다른 예시'를 찾고 계신가요? 예를 들어, 삼각함수와 수학적 귀납법이 사용되는 특정 문제 유형에 대한 예시를 원하시나요, 아니면 두 개념이 연결되는 더 넓은 수학적 맥락에 대한 예시를 원하시나요? → 답변: 맞아
  5. 질문: 이전 답변에서 설명드렸던 여러 예시들 중에 어떤 것을 더 자세히 알아보고 싶으신가요? 예를 들어, 드무아브르 공식 증명이나 sin(nx)의 재귀식 유도 같은 것 말이에요. 😊 → 답변: 아니 다른예시들을 더 달라고

위 정보를 바탕으로 명료화 평가를 수행하고 결과를 JSON 형식으로 응답하세요.",,0,517,2025-10-29 06:15:05.732323+00:00
삼각함수와 수학적 귀납법이 연관있는 분야가 있나,K3,"문제 유형, 주어진 조건, 결과 형식","이전 답변에서 설명드렸던 여러 예시들 중에 어떤 것을 더 자세히 알아보고 싶으신가요? 예를 들어, 드무아브르 공식 증명이나 sin(nx)의 재귀식 유도 같은 것 말이에요. 😊",더달라니깐?,"**명료화 대화 히스토리**:
  1. 질문: 어떤 부분을 더 자세히 알고 싶으세요? 드무아브르 공식 증명, sin(nx) 재귀식 유도, 등차각 합 공식 증명, 체비쇼프 다항식 설명 중 어느 하나를 선택해 주시거나, 지금까지 이해한 부분과 특히 헷갈리는 점을 말씀해 주시면 그 부분을 중심으로 자세히 설명해 드릴게요 😊 → 답변: 다른 예시가보고싶어
  2. 질문: 어떤 내용에 대한 다른 예시를 보고 싶으신가요? 예를 들어, 특정 수학 개념이나 문제 유형에 대한 예시를 말씀해주시면 더 정확한 답변을 드릴 수 있습니다. → 답변: 위에서 말한 예시말이야
  3. 질문: 이전에 언급된 예시들 (드무아브르 공식 증명, sin(nx) 재귀식 유도, 등차각 합 공식 증명, 체비쇼프 다항식 설명) 중에서 어떤 예시에 대해 더 자세히 알고 싶으신가요? 또는 혹시 이 외에 궁금한 다른 예시가 있으신가요? → 답변: 다른예시
  4. 질문: 어떤 종류의 '다른 예시'를 찾고 계신가요? 예를 들어, 삼각함수와 수학적 귀납법이 사용되는 특정 문제 유형에 대한 예시를 원하시나요, 아니면 두 개념이 연결되는 더 넓은 수학적 맥락에 대한 예시를 원하시나요? → 답변: 맞아
  5. 질문: 이전 답변에서 설명드렸던 여러 예시들 중에 어떤 것을 더 자세히 알아보고 싶으신가요? 예를 들어, 드무아브르 공식 증명이나 sin(nx)의 재귀식 유도 같은 것 말이에요. 😊 → 답변: 아니 다른예시들을 더 달라고
  6. 질문: 어떤 종류의 '다른 예시'를 찾고 계신가요? 예를 들어, 두 개념이 함께 사용되는 특정 유형의 수학 문제에 대한 예시를 원하시나요, 아니면 두 개념이 서로 어떻게 영향을 주고받는지 보여주는 더 넓은 수학적 맥락에 대한 예시를 원하시나요? 구체적인 예시를 몇 가지 더 들어주시면 더 정확한 답변을 드릴 수 있습니다. → 답변: 더달라니깐?

위 정보를 바탕으로 명료화 평가를 수행하고 결과를 JSON 형식으로 응답하세요.",,0,518,2025-10-29 06:15:18.100928+00:00
삼각함수와 수학적 귀납법이 연관있는 분야가 있나,K3,"문제 유형, 주어진 조건, 결과 형식","이전 답변에서 설명드렸던 여러 예시들 중에 어떤 것을 더 자세히 알아보고 싶으신가요? 예를 들어, 드무아브르 공식 증명이나 sin(nx)의 재귀식 유도 같은 것 말이에요. 😊",니가 잘 말했네,"**명료화 대화 히스토리**:
  1. 질문: 어떤 부분을 더 자세히 알고 싶으세요? 드무아브르 공식 증명, sin(nx) 재귀식 유도, 등차각 합 공식 증명, 체비쇼프 다항식 설명 중 어느 하나를 선택해 주시거나, 지금까지 이해한 부분과 특히 헷갈리는 점을 말씀해 주시면 그 부분을 중심으로 자세히 설명해 드릴게요 😊 → 답변: 다른 예시가보고싶어
  2. 질문: 어떤 내용에 대한 다른 예시를 보고 싶으신가요? 예를 들어, 특정 수학 개념이나 문제 유형에 대한 예시를 말씀해주시면 더 정확한 답변을 드릴 수 있습니다. → 답변: 위에서 말한 예시말이야
  3. 질문: 이전에 언급된 예시들 (드무아브르 공식 증명, sin(nx) 재귀식 유도, 등차각 합 공식 증명, 체비쇼프 다항식 설명) 중에서 어떤 예시에 대해 더 자세히 알고 싶으신가요? 또는 혹시 이 외에 궁금한 다른 예시가 있으신가요? → 답변: 다른예시
  4. 질문: 어떤 종류의 '다른 예시'를 찾고 계신가요? 예를 들어, 삼각함수와 수학적 귀납법이 사용되는 특정 문제 유형에 대한 예시를 원하시나요, 아니면 두 개념이 연결되는 더 넓은 수학적 맥락에 대한 예시를 원하시나요? → 답변: 맞아
  5. 질문: 이전 답변에서 설명드렸던 여러 예시들 중에 어떤 것을 더 자세히 알아보고 싶으신가요? 예를 들어, 드무아브르 공식 증명이나 sin(nx)의 재귀식 유도 같은 것 말이에요. 😊 → 답변: 아니 다른예시들을 더 달라고
  6. 질문: 어떤 종류의 '다른 예시'를 찾고 계신가요? 예를 들어, 두 개념이 함께 사용되는 특정 유형의 수학 문제에 대한 예시를 원하시나요, 아니면 두 개념이 서로 어떻게 영향을 주고받는지 보여주는 더 넓은 수학적 맥락에 대한 예시를 원하시나요? 구체적인 예시를 몇 가지 더 들어주시면 더 정확한 답변을 드릴 수 있습니다. → 답변: 더달라니깐?
  7. 질문: 어떤 종류의 '다른 예시'를 더 원하시는지 구체적으로 설명해주시겠어요? 예를 들어, 삼각함수 공식을 수학적 귀납법으로 증명하는 문제, 혹은 삼각함수의 특정 성질을 수학적 귀납법으로 증명하는 문제 등, 좀 더 구체적인 수학적 상황이나 문제 유형을 알려주시면 관련된 예시를 찾아드릴 수 있습니다. 😊 → 답변: 니가 잘 말했네

위 정보를 바탕으로 명료화 평가를 수행하고 결과를 JSON 형식으로 응답하세요.",,0,519,2025-10-29 06:15:24.805414+00:00
기존 유형: K3,,,,니가 잘 말했네,,,0,520,2025-10-29 06:15:26.447110+00:00
수학적 귀납법으로 n! < n^n임을 알려줘,K3,문제 유형,"혹시 특정 증명 방법을 염두에 두고 계신가요? 예를 들어, 미적분을 이용한 방법이나 다른 수학적 아이디어를 활용하는 방법 중에 궁금한 것이 있으신가요? 😊",다시 다른 방법으로 증명 가능하냐고,"**명료화 대화 히스토리**:
  1. 질문: 이 부등식을 어떤 자연수 범위에서 증명하길 원하나요? 예를 들어 n=1부터인지, 아니면 n≥2부터 증명하면 될지 당신 생각을 말씀해줄 수 있나요? 😊 → 답변: 적당히 큰 수부터 해줘
  2. 질문: Do you want a proof by mathematical induction that n! < n^n for all natural numbers n ≥ 2 (i.e., start the induction at n=2)? → 답변: 맞음
  3. 질문: 혹시 특정 증명 방법을 염두에 두고 계신가요? 예를 들어, 미적분을 이용한 방법이나 다른 수학적 아이디어를 활용하는 방법 중에 궁금한 것이 있으신가요? 😊 → 답변: 다시 다른 방법으로 증명 가능하냐고

위 정보를 바탕으로 명료화 평가를 수행하고 결과를 JSON 형식으로 응답하세요.",,0,527,2025-10-29 08:13:07.312381+00:00
기존 유형: K3,,,,다시 다른 방법으로 증명 가능하냐고,,,0,528,2025-10-29 08:13:09.012220+00:00
안녕,K1,"단원 정보, 정확한 용어, 맥락 정보",안녕하세요! 😊 무엇을 도와드릴까요? 혹시 수학 공부와 관련해서 궁금한 점이 있으신가요?,"귀납적 증명 k, k+1 알려줘","**명료화 대화 히스토리**:
  1. 질문: 안녕하세요! 😊 무엇을 도와드릴까요? 혹시 수학 공부와 관련해서 궁금한 점이 있으신가요? → 답변: 귀납적 증명 k, k+1 알려줘

위 정보를 바탕으로 명료화 평가를 수행하고 결과를 JSON 형식으로 응답하세요.",,0,567,2025-10-30 01:45:37.632255+00:00
기존 유형: K1,,,,"귀납적 증명 k, k+1 알려줘",,,0,568,2025-10-30 01:45:39.451677+00:00
안녕,K2,"설명 깊이, 연결성","어떤 내용을 중심으로 더 짧게 요약해 드릴까요? 예를 들어, 증명의 핵심 단계만 간략히 보여드릴까요, 아니면 전체적인 흐름만 간략하게 설명해 드릴까요? 😊",전체적인 흐름,"**명료화 대화 히스토리**:
  1. 질문: 어떤 내용을 중심으로 더 짧게 요약해 드릴까요? 예를 들어, 증명의 핵심 단계만 간략히 보여드릴까요, 아니면 전체적인 흐름만 간략하게 설명해 드릴까요? 😊 → 답변: 전체적인 흐름

위 정보를 바탕으로 명료화 평가를 수행하고 결과를 JSON 형식으로 응답하세요.",,0,577,2025-10-30 01:48:37.346757+00:00
기존 유형: K2,,,,전체적인 흐름,,,0,578,2025-10-30 01:48:38.921902+00:00
안녕,K1,맥락 정보,AI 튜터가 어떤 부분에 대한 '입력'을 말씀하시는지 조금 더 자세히 설명해주실 수 있을까요? 😊,내 질문에 대한 입력,"**명료화 대화 히스토리**:
  1. 질문: 안녕하세요! 😊 무엇을 도와드릴까요? 혹시 수학 공부와 관련해서 궁금한 점이 있으신가요? → 답변: 귀납적 증명 k, k+1 알려줘
  2. 질문: AI 튜터가 어떤 부분에 대한 '입력'을 말씀하시는지 조금 더 자세히 설명해주실 수 있을까요? 😊 → 답변: 내 질문에 대한 입력

위 정보를 바탕으로 명료화 평가를 수행하고 결과를 JSON 형식으로 응답하세요.",,0,592,2025-10-30 01:51:04.701853+00:00
기존 유형: K1,,,,내 질문에 대한 입력,,,0,593,2025-10-30 01:51:06.067354+00:00
이미지를 수식으로 변환 중입니다...문제2,K2,"설명 깊이, 연결성",이전에 저희가 함께 살펴본 증명에서 'a'가 무엇을 의미하는지 조금 더 설명해주실 수 있을까요? 😊,"n = 1, n = k","**명료화 대화 히스토리**:
  1. 질문: 이전에 저희가 함께 살펴본 증명에서 'a'가 무엇을 의미하는지 조금 더 설명해주실 수 있을까요? 😊 → 답변: n = 1, n = k

위 정보를 바탕으로 명료화 평가를 수행하고 결과를 JSON 형식으로 응답하세요.",,0,611,2025-10-30 01:52:57.206160+00:00
기존 유형: K2,,,,"n = 1, n = k",,,0,612,2025-10-30 01:53:00.104621+00:00
수학학학학,K4,"문제 상황, 시도한 전략, 막힌 지점",수학 공부를 하면서 어떤 부분이 가장 어렵거나 궁금하신가요? 😊,하하하핳ㅎ핳,"**명료화 대화 히스토리**:
  1. 질문: 수학 공부를 하면서 어떤 부분이 가장 어렵거나 궁금하신가요? 😊 → 답변: 하하하핳ㅎ핳

위 정보를 바탕으로 명료화 평가를 수행하고 결과를 JSON 형식으로 응답하세요.",,0,682,2025-10-30 02:52:00.386212+00:00
수학학학학,K4,"문제 상황, 시도한 전략, 막힌 지점",수학 공부를 하면서 어떤 부분이 가장 어렵거나 궁금하신가요? 😊,위상수학이 뭥미?,"**명료화 대화 히스토리**:
  1. 질문: 수학 공부를 하면서 어떤 부분이 가장 어렵거나 궁금하신가요? 😊 → 답변: 하하하핳ㅎ핳
  2. 질문: 혹시 수학 공부 중에 특정 개념이나 문제 유형 때문에 어려움을 겪고 계신가요? 예를 들어, '함수 그래프 그리기'나 '방정식 풀이'와 같이 좀 더 구체적으로 알려주시면 도와드릴 수 있어요. → 답변: 위상수학이 뭥미?

위 정보를 바탕으로 명료화 평가를 수행하고 결과를 JSON 형식으로 응답하세요.",,0,705,2025-10-30 02:54:39.857244+00:00
기존 유형: K4,,,,위상수학이 뭥미?,,,0,706,2025-10-30 02:54:41.901478+00:00
너 코딩 못해?,K2,"설명 깊이, 연결성","Kafka를 수학 교육에서 어떻게 활용하고 계신지, 구체적으로 어떤 부분에서 수학과 연결된다고 느끼시는지 조금 더 자세히 설명해주실 수 있을까요? 😊",KafkaTemplates가 뭔지 알려주면 답해줄게,"**명료화 대화 히스토리**:
  1. 질문: Kafka를 수학 교육에서 어떻게 활용하고 계신지, 구체적으로 어떤 부분에서 수학과 연결된다고 느끼시는지 조금 더 자세히 설명해주실 수 있을까요? 😊 → 답변: KafkaTemplates가 뭔지 알려주면 답해줄게

위 정보를 바탕으로 명료화 평가를 수행하고 결과를 JSON 형식으로 응답하세요.",,0,764,2025-10-30 03:00:18.660678+00:00
너 코딩 못해?,K2,"설명 깊이, 연결성","Kafka를 수학 교육에서 어떻게 활용하고 계신지, 구체적으로 어떤 부분에서 수학과 연결된다고 느끼시는지 조금 더 자세히 설명해주실 수 있을까요? 😊","암튼 수학 서비스에서 Kafka를 쓴다고, 그니까 KafkaTemplates 알려달라고","**명료화 대화 히스토리**:
  1. 질문: Kafka를 수학 교육에서 어떻게 활용하고 계신지, 구체적으로 어떤 부분에서 수학과 연결된다고 느끼시는지 조금 더 자세히 설명해주실 수 있을까요? 😊 → 답변: KafkaTemplates가 뭔지 알려주면 답해줄게
  2. 질문: KafkaTemplates가 수학 교육에서 어떤 역할을 하는지, 그리고 그것이 Kafka를 수학 교육에 활용하는 것과 어떻게 연결되는지 좀 더 자세히 설명해주시겠어요? → 답변: 암튼 수학 서비스에서 Kafka를 쓴다고, 그니까 KafkaTemplates 알려달라고

위 정보를 바탕으로 명료화 평가를 수행하고 결과를 JSON 형식으로 응답하세요.",,0,765,2025-10-30 03:00:40.982027+00:00
기존 유형: K2,,,,"암튼 수학 서비스에서 Kafka를 쓴다고, 그니까 KafkaTemplates 알려달라고",,,0,766,2025-10-30 03:00:42.517490+00:00
(n+1)! = n!*(n+1)인,K3,"증명 대상 식, 구체적인 증명 목표",증명하고 싶은 식이 혹시 어떤 형태인가요? 구체적인 식을 알려주시면 더 정확하게 도와드릴 수 있어요! 😊,$(n+1)! \cdot (n+2) - 1 = (n+2)! - 1$,"**명료화 대화 히스토리**:
  1. 질문: 증명하고 싶은 식이 혹시 어떤 형태인가요? 구체적인 식을 알려주시면 더 정확하게 도와드릴 수 있어요! 😊 → 답변: $(n+1)! \cdot (n+2) - 1 = (n+2)! - 1$

위 정보를 바탕으로 명료화 평가를 수행하고 결과를 JSON 형식으로 응답하세요.",,0,829,2025-10-30 06:41:12.385886+00:00
기존 유형: K3,,,,$(n+1)! \cdot (n+2) - 1 = (n+2)! - 1$,,,0,830,2025-10-30 06:41:13.970113+00:00
모든 자연수 $n$  에 대해 $1 \cdot 1! + 2 \cdot 2! + \ldots + n \cdot n! = (n+1)! - 1$  임을 수학적 귀납법을 이용하여 증명하시오.,K2,"설명 깊이, 연결성",혹시 설명해 드린 부분 중에서 어떤 내용이 가장 이해하기 어렵게 느껴지셨나요? 😊,좌변 = $(k+1)! \cdot 1 - 1 + (k+1) \cdot (k+1)!$  이 식의 우변이 (k+2)! - 1 맞음?,"**명료화 대화 히스토리**:
  1. 질문: 혹시 설명해 드린 부분 중에서 어떤 내용이 가장 이해하기 어렵게 느껴지셨나요? 😊 → 답변: 좌변 = $(k+1)! \cdot 1 - 1 + (k+1) \cdot (k+1)!$  이 식의 우변이 (k+2)! - 1 맞음?
이 뒤로 서술형 평가에서 어떤 식으로 작성해야 하는지 알려줘

위 정보를 바탕으로 명료화 평가를 수행하고 결과를 JSON 형식으로 응답하세요.",,0,834,2025-10-30 06:41:48.367086+00:00
기존 유형: K2,,,,좌변 = $(k+1)! \cdot 1 - 1 + (k+1) \cdot (k+1)!$  이 식의 우변이 (k+2)! - 1 맞음?,,,0,835,2025-10-30 06:41:50.711908+00:00
모든 자연수 $n$  에 대해 $1 \cdot 1! + 2 \cdot 2! + \ldots + n \cdot n! = (n+1)! - 1$  임을 수학적 귀납법을 이용하여 증명하시오.,K3,"주어진 조건, 결과 형식","수학적 귀납법으로 $\log_2 n < n$ 을 증명할 때, $n=k+1$일 때 보이고 싶은 '좌변'은 정확히 어떤 식인가요? 😊",$\log_2k+\log_2k+1$ 이건가?,"**명료화 대화 히스토리**:
  1. 질문: 혹시 설명해 드린 부분 중에서 어떤 내용이 가장 이해하기 어렵게 느껴지셨나요? 😊 → 답변: 좌변 = $(k+1)! \cdot 1 - 1 + (k+1) \cdot (k+1)!$  이 식의 우변이 (k+2)! - 1 맞음?
이 뒤로 서술형 평가에서 어떤 식으로 작성해야 하는지 알려줘
  2. 질문: 수학적 귀납법으로 $\log_2 n < n$ 을 증명할 때, $n=k+1$일 때 보이고 싶은 '좌변'은 정확히 어떤 식인가요? 😊 → 답변: $\log_2k+\log_2k+1$ 이건가?

위 정보를 바탕으로 명료화 평가를 수행하고 결과를 JSON 형식으로 응답하세요.",,0,850,2025-10-30 06:53:01.523547+00:00
문제1,K3,"주어진 조건, 결과 형식","어떤 부분이 더 궁금하신가요? 😊 $(k+1)! \cdot (k+2)$가 $(k+2)!$이 되는 과정이 궁금하신 건가요, 아니면 그 다음 단계의 계산 결과가 어떻게 나왔는지 더 알고 싶으신가요?",왜 이렇게 됨?,"**명료화 대화 히스토리**:
  1. 질문: 어떤 부분이 더 궁금하신가요? 😊 $(k+1)! \cdot (k+2)$가 $(k+2)!$이 되는 과정이 궁금하신 건가요, 아니면 그 다음 단계의 계산 결과가 어떻게 나왔는지 더 알고 싶으신가요? → 답변: 왜 이렇게 됨?

위 정보를 바탕으로 명료화 평가를 수행하고 결과를 JSON 형식으로 응답하세요.",,0,876,2025-11-01 15:42:13.504120+00:00
문제1,K3,"주어진 조건, 결과 형식","어떤 부분이 더 궁금하신가요? 😊 $(k+1)! \cdot (k+2)$가 $(k+2)!$이 되는 과정이 궁금하신 건가요, 아니면 그 다음 단계의 계산 결과가 어떻게 나왔는지 더 알고 싶으신가요?",ㅇㅇ,"**명료화 대화 히스토리**:
  1. 질문: 어떤 부분이 더 궁금하신가요? 😊 $(k+1)! \cdot (k+2)$가 $(k+2)!$이 되는 과정이 궁금하신 건가요, 아니면 그 다음 단계의 계산 결과가 어떻게 나왔는지 더 알고 싶으신가요? → 답변: 왜 이렇게 됨?
  2. 질문: 수학적 귀납법 증명 과정에서 어떤 부분이 '이렇게 됨?'이라고 느껴지시는지 좀 더 구체적으로 알려주시겠어요? 예를 들어, $(k+1)! - 1$에서 $(k+2)! - 1$로 넘어가는 과정이 궁금하신 건가요, 아니면 $k \cdot k! = (k+1)! - k - 1$ 이라는 관계식이 어떻게 유도되는지가 궁금하신 건가요? → 답변: ㅇㅇ

위 정보를 바탕으로 명료화 평가를 수행하고 결과를 JSON 형식으로 응답하세요.",,0,877,2025-11-01 15:42:22.948177+00:00
기존 유형: K3,,,,ㅇㅇ,,,0,878,2025-11-01 15:42:26.006301+00:00
문제2,K3,"문제 유형, 주어진 조건, 결과 형식","이해 안 되는 부분이 구체적으로 어떤 단계인가요? 예를 들어, 기저 단계, 귀납 가정, 아니면 마지막 결론 부분일까요? 😊",귀납가정,"**명료화 대화 히스토리**:
  1. 질문: 이해 안 되는 부분이 구체적으로 어떤 단계인가요? 예를 들어, 기저 단계, 귀납 가정, 아니면 마지막 결론 부분일까요? 😊 → 답변: 귀납가정

위 정보를 바탕으로 명료화 평가를 수행하고 결과를 JSON 형식으로 응답하세요.",,0,885,2025-11-01 15:46:00.223871+00:00
기존 유형: K3,,,,귀납가정,,,0,886,2025-11-01 15:46:02.237313+00:00
"회원가입 로그인 문제 문제집 대회 4 채점 현황 랭킹 게시판 그룹 더 보기 1565번 제출 맞힌 사람 숏코딩 재채점 결과 채점 현황 질문 게시판 도움 받기! 수학 시간 제한 메모리 제한 제출 정답 맞힌 사람 정답 비율 2 초 128 MB 1928 545 411 28.404% 문제 배열 D와, 배열 M이 주어졌을 때, D에 있는 모든 수의 배수이며, M에 있는 모든 수의 약수인 수의 개수를 구하는 프로그램을 작성하시오. 입력 첫째 줄에 D의 크기와 M의 크기가 주어진다. 둘째 줄에 배열 D, 셋째 줄에 배열 M이 주어진다. D와 M의 크기는 50보다 작거나 같고, 그 속에 들어있는 수는 모두 10 9 보다 작거나 같은 양의 정수이다. 출력 첫째 줄에 개수를 출력한다. 예제 입력 1 1 1 1 100 예제 출력 1 9 예제 입력 2 2 1 6 9 18 예제 출력 2 1 예제 입력 3 2 2 6 9 96 180 예제 출력 3 0 예제 입력 4 2 1 2 4 256 예제 출력 4 7 예제 입력 5 3 1 1000 10000 100000 1000000000 예제 출력 5 25 출처 문제를 번역한 사람: baekjoon Baekjoon Online Judge 소개 뉴스 생중계 설문조사 블로그 디스코드 서버 기부하기 기능 추가 요청 스페셜 저지 제작 실험실 채점 현황 채점 현황 문제 문제 단계 분류 추가된 문제 문제 순위 최근 제출된 문제 최근 풀린 문제 재채점 및 문제 수정 유저 대회 FunctionCup Good Bye, BOJ kriiicon 구데기컵 꼬마컵 네블컵 소프트콘 웰노운컵 키파컵 폴리매스 코드 챔피언십 HYEA Cup 고등학교 대회 NLCS Jeju 경기과학고등학교 경기북과학고등학교 단국대학교부속소프트웨어고등학교 대구과학고등학교 대구소프트웨어마이스터고등학교 동래고등학교 부산일과학고 서울과학고등학교 선린인터넷고등학교 세종과학예술영재학교 송도고등학교 한국과학영재학교 출처 ICPC ICPC Korea Regional Olympiad 한국정보올림피아드 한국정보올림피아드시․도지역본선 카카오 코드 페스티벌 Coder's High Open Cup Petrozavodsk Programming Camp 대학교 대회 DGIST KAIST POSTECH UNIST 가톨릭대학교 강원대학교 건국대학교 경북대학교 고려대학교 광주과학기술원 국민대학교 부산대학교 서강대학교 서울과학기술대학교 서울대학교 서울사이버대학교 성균관대학교 숙명여자대학교 숭실대학교 아주대학교 연세대학교 연세대학교 미래캠퍼스 인천대학교 인하대학교 전남대학교 전북대학교 제주대학교 중앙대학교 충남대학교 한국항공대학교 한양대학교 한양대학교 ERICA 캠퍼스 홍익대학교 경인지역 6개대학 연합 프로그래밍 경시대회 전국 대학생 프로그래밍 대회 동아리 연합 도움말 채점 도움말 및 채점 환경 재채점 안내 런타임 에러 도움말 문제 스타일 안내 컴파일 또는 실행 옵션, 컴파일러 버전, 언어 도움말 문제집 도움말 대회 개최 안내 문제 출제 안내 이용 규칙 통계 도움말 질문 도움말 자주묻는 질문 짧은 주소 안내 광고 안내 © 2025 All Rights Reserved. 주식회사 스타트링크 | 서비스 약관 | 개인정보 보호 | 결제 이용 약관 | 도움말 | 광고 문의 | 업데이트 노트 | 이슈 | TODO 사업자 등록 번호: 541-88-00682 대표자명: 최백준 주소: 서울시 서초구 서초대로74길 29 서초파라곤 412호 전화번호: 02-521-0487 (이메일로 연락 주세요) 이메일: contacts@startlink.io 통신판매신고번호: 제 2017-서울서초-2193 호 이 사이트는 ACM 또는 ICPC 대회와 무관하며, ACM으로부터 승인이나 지원을 받지 않고 있습니다. 한국어 | English (Beta) 이거 풀어줘",K4,"문제 상황, 시도한 전략, 막힌 지점",이 문제를 풀기 위해 어떤 방법들을 생각해 보았나요? 그리고 혹시 풀다가 막히는 부분이 있다면 어디인지 좀 더 자세히 알려줄 수 있을까요? 😊,아무 생각없는데 너가 python으로 한번 짜줘,"**명료화 대화 히스토리**:
  1. 질문: 이 문제를 풀기 위해 어떤 방법들을 생각해 보았나요? 그리고 혹시 풀다가 막히는 부분이 있다면 어디인지 좀 더 자세히 알려줄 수 있을까요? 😊 → 답변: 아무 생각없는데 너가 python으로 한번 짜줘

위 정보를 바탕으로 명료화 평가를 수행하고 결과를 JSON 형식으로 응답하세요.",,0,893,2025-11-02 03:59:00.623091+00:00
log(k+1)을 뭐로 변환 가능해?,K2,"연결성, 설명 깊이","혹시 어떤 맥락에서 'log(k+1)'을 변환하고 싶으신가요? 예를 들어, 특정한 방정식을 풀거나, 그래프를 그리거나, 아니면 다른 형태의 식을 만들기 위해서인가요? 😊",로그의 곱 성질에 따라서 나눠봐,"**명료화 대화 히스토리**:
  1. 질문: 혹시 어떤 맥락에서 'log(k+1)'을 변환하고 싶으신가요? 예를 들어, 특정한 방정식을 풀거나, 그래프를 그리거나, 아니면 다른 형태의 식을 만들기 위해서인가요? 😊 → 답변: 로그의 곱 성질에 따라서 나눠봐

위 정보를 바탕으로 명료화 평가를 수행하고 결과를 JSON 형식으로 응답하세요.",,0,920,2025-11-02 22:58:19.404111+00:00
기존 유형: K2,,,,로그의 곱 성질에 따라서 나눠봐,,,0,921,2025-11-02 22:58:21.217232+00:00
에이전트모드와 프리패스모드 설명,K2,"설명 깊이, 연결성",에이전트모드와 프리패스모드에 대해 어떤 점이 더 궁금하신가요? 혹시 이전에 이 두 가지 모드에 대해 들어보신 적이 있으신가요? 😊,ㄴㄴ 없어,"**명료화 대화 히스토리**:
  1. 질문: 에이전트모드와 프리패스모드에 대해 어떤 점이 더 궁금하신가요? 혹시 이전에 이 두 가지 모드에 대해 들어보신 적이 있으신가요? 😊 → 답변: ㄴㄴ 없어

위 정보를 바탕으로 명료화 평가를 수행하고 결과를 JSON 형식으로 응답하세요.",,0,948,2025-11-02 23:46:29.029469+00:00
로블록스 로벅스 무료로 얻는,K4,"문제 유형, 시도한 전략, 막힌 지점",어떤 부분을 맞게 풀었는지 궁금하신 건가요? 😊,내가 세운 수학적 귀납법의 식이 맞았는지 알고싶어,"**명료화 대화 히스토리**:
  1. 질문: 등차수열에서 어떤 내용을 알고 싶으신가요? 예를 들어 ‘공차 계산 방법’이나 ‘일반항 공식’ 중 어느 부분이 궁금하신가요? 🤔 → 답변: 아무거나
  2. 질문: 로벅스를 무료로 얻는다고 하셨는데, 혹시 합법적인 방법(예: 이벤트, 공식 프로모션 등)을 찾고 계신가요, 아니면 일반적인 로벅스 획득 방법이 궁금하신가요? → 답변: 응 로벅스 획득 방법이 궁금
  3. 질문: 어떤 부분을 맞게 풀었는지 궁금하신 건가요? 😊 → 답변: 내가 세운 수학적 귀납법의 식이 맞았는지 알고싶어

위 정보를 바탕으로 명료화 평가를 수행하고 결과를 JSON 형식으로 응답하세요.",,0,960,2025-11-02 23:51:14.409688+00:00
기존 유형: K4,,,,내가 세운 수학적 귀납법의 식이 맞았는지 알고싶어,,,0,961,2025-11-02 23:51:16.817772+00:00
내가 보낸 이미지가 답이 맞는지 확인해,K3,"문제 유형, 주어진 조건, 결과 형식",어떤 문제에 대한 이미지인가요? 문제의 내용이나 풀이 과정을 함께 보여주시면 더 정확하게 확인할 수 있을 것 같아요. 😊,문제 1,"**명료화 대화 히스토리**:
  1. 질문: 어떤 문제에 대한 이미지인가요? 문제의 내용이나 풀이 과정을 함께 보여주시면 더 정확하게 확인할 수 있을 것 같아요. 😊 → 답변: 문제 1
모든 자연수 $n$ 에 대해 $1 \cdot 1! + 2 \cdot 2! + \ldots + n \cdot n! = (n+1)! - 1$  임을 수학적 귀납법을 이용하여 증명하시오.

$n=1$ 일 때,
$1 \cdot 1! = 1$  (좌변)
$(1+1)! - 1 = 2! - 1 = 1$  (우변) $\therefore$  좌변 = 우변이므로 $n=1$ 일 때 성립

$n=k$ 일 때 명제가 성립한다고 가정하면
$\sum_{i=1}^{k} i \cdot i! = (k+1)! - 1$ $n=k+1$ 일 때
$\sum_{i=1}^{k+1} i \cdot i! = \sum_{i=1}^{k} i \cdot i! + (k+1)(k+1)!$  (귀납과정을 적용하면)
$= (k+1)! - 1 + (k+1)(k+1)!$ $= (k+1)! (1 + k+1) - 1$ $= (k+1)! (k+2) - 1$ $= (k+2)! - 1$ \therefore n=k+1$일 때도 성립

수학적 귀납법에 의해 모든 자연수$ n$에 대해$ \sum_{k=1}^{n} k \cdot k! = (n+1)! - 1$이 성립한다.

문제 2
모든 자연수$ n$에 대해,$ \log_2 n < n$임을 수학적 귀납법을 이용하여 증명하시오.$ n=1$일 때$ \log_2 1 = 0$(좌변)$ \log_2 2 = 1$(우변)$ \therefore 0 < 1$이므로$ n=1$일 때 성립$ n=k (k \ge 1)$일 때 명제가 성립한다고 가정$ \log_2 k < kn=k+1$일 때 명제가 성립함을 보여라.$ \log_2 (k+1) = \log_2 k + \log_2 (1 + \frac{1}{k})\log_2 (k+1) < k + \log_2 (1 + \frac{1}{k})$(가정$ \log_2 k < k$이므로)$ \log_2 (1 + \frac{1}{k}) < 1$임을 보여라.$ k \ge 1$이므로$ \frac{1}{k} \le 1$이다.$ \therefore 1 + \frac{1}{k} \le 2$양변에$ \log_2$를 취하면$ \log_2 (1 + \frac{1}{k}) \le \log_2 2 = 1$(그는 항상성립)$ \log_2 (1 + \frac{1}{k}) < 1\therefore \log_2 (k+1) < k+1$즉,$ n=k+1$일 때도 명제가 성립.

위 정보를 바탕으로 명료화 평가를 수행하고 결과를 JSON 형식으로 응답하세요.",,0,998,2025-11-03 01:52:12.508613+00:00
내가 보낸 이미지가 답이 맞는지 확인해,K3,"문제 유형, 주어진 조건, 결과 형식",어떤 문제에 대한 이미지인가요? 문제의 내용이나 풀이 과정을 함께 보여주시면 더 정확하게 확인할 수 있을 것 같아요. 😊,이게 문제의 답이 맞는지 확인해,"**명료화 대화 히스토리**:
  1. 질문: 어떤 문제에 대한 이미지인가요? 문제의 내용이나 풀이 과정을 함께 보여주시면 더 정확하게 확인할 수 있을 것 같아요. 😊 → 답변: 문제 1
모든 자연수 $n$ 에 대해 $1 \cdot 1! + 2 \cdot 2! + \ldots + n \cdot n! = (n+1)! - 1$  임을 수학적 귀납법을 이용하여 증명하시오.

$n=1$ 일 때,
$1 \cdot 1! = 1$  (좌변)
$(1+1)! - 1 = 2! - 1 = 1$  (우변) $\therefore$  좌변 = 우변이므로 $n=1$ 일 때 성립

$n=k$ 일 때 명제가 성립한다고 가정하면
$\sum_{i=1}^{k} i \cdot i! = (k+1)! - 1$ $n=k+1$ 일 때
$\sum_{i=1}^{k+1} i \cdot i! = \sum_{i=1}^{k} i \cdot i! + (k+1)(k+1)!$  (귀납과정을 적용하면)
$= (k+1)! - 1 + (k+1)(k+1)!$ $= (k+1)! (1 + k+1) - 1$ $= (k+1)! (k+2) - 1$ $= (k+2)! - 1$ \therefore n=k+1$일 때도 성립

수학적 귀납법에 의해 모든 자연수$ n$에 대해$ \sum_{k=1}^{n} k \cdot k! = (n+1)! - 1$이 성립한다.

문제 2
모든 자연수$ n$에 대해,$ \log_2 n < n$임을 수학적 귀납법을 이용하여 증명하시오.$ n=1$일 때$ \log_2 1 = 0$(좌변)$ \log_2 2 = 1$(우변)$ \therefore 0 < 1$이므로$ n=1$일 때 성립$ n=k (k \ge 1)$일 때 명제가 성립한다고 가정$ \log_2 k < kn=k+1$일 때 명제가 성립함을 보여라.$ \log_2 (k+1) = \log_2 k + \log_2 (1 + \frac{1}{k})\log_2 (k+1) < k + \log_2 (1 + \frac{1}{k})$(가정$ \log_2 k < k$이므로)$ \log_2 (1 + \frac{1}{k}) < 1$임을 보여라.$ k \ge 1$이므로$ \frac{1}{k} \le 1$이다.$ \therefore 1 + \frac{1}{k} \le 2$양변에$ \log_2$를 취하면$ \log_2 (1 + \frac{1}{k}) \le \log_2 2 = 1$(그는 항상성립)$ \log_2 (1 + \frac{1}{k}) < 1\therefore \log_2 (k+1) < k+1$즉,$ n=k+1$일 때도 명제가 성립.
  2. 질문: 더 구체적으로 설명해주세요. → 답변: 이게 문제의 답이 맞는지 확인해

위 정보를 바탕으로 명료화 평가를 수행하고 결과를 JSON 형식으로 응답하세요.",,0,999,2025-11-03 01:52:33.776308+00:00
기존 유형: K3,,,,이게 문제의 답이 맞는지 확인해,,,0,1000,2025-11-03 01:52:35.947858+00:00
수학적 귀납법이 뭐임,K2,"설명 깊이, 연결성",혹시 '전문 용어'라고 말씀하신 부분이 어떤 용어들을 더 자세히 알고 싶으신 건가요? 😊 그리고 '모두가 참인 이유'에 대해 어느 정도까지 더 깊이 알고 싶으신지 알려주시면 더 정확하게 설명해 드릴 수 있어요!,"예를 들면, 기저 단계 같은 것들 말이야","**명료화 대화 히스토리**:
  1. 질문: 혹시 '전문 용어'라고 말씀하신 부분이 어떤 용어들을 더 자세히 알고 싶으신 건가요? 😊 그리고 '모두가 참인 이유'에 대해 어느 정도까지 더 깊이 알고 싶으신지 알려주시면 더 정확하게 설명해 드릴 수 있어요! → 답변: 예를 들면, 기저 단계 같은 것들 말이야

위 정보를 바탕으로 명료화 평가를 수행하고 결과를 JSON 형식으로 응답하세요.",,0,1131,2025-11-03 03:18:33.864563+00:00
기존 유형: K2,,,,"예를 들면, 기저 단계 같은 것들 말이야",,,0,1132,2025-11-03 03:18:35.722567+00:00
수학적 귀납법이 뭐임,K2,"설명 깊이, 연결성","수학적 귀납법의 '기초 단계'와 '귀납 단계'를 생각해 볼 때, 어떤 수의 범위에서 이런 단계들이 가장 자연스럽게 적용될 수 있을 것 같나요? 🤔",분수도 기초 단계랄 귀납 단계로 성립될 수 있는거 아니야? 반비례해서 줄어든다면,"**명료화 대화 히스토리**:
  1. 질문: 혹시 '전문 용어'라고 말씀하신 부분이 어떤 용어들을 더 자세히 알고 싶으신 건가요? 😊 그리고 '모두가 참인 이유'에 대해 어느 정도까지 더 깊이 알고 싶으신지 알려주시면 더 정확하게 설명해 드릴 수 있어요! → 답변: 예를 들면, 기저 단계 같은 것들 말이야
  2. 질문: 수학적 귀납법의 '기초 단계'와 '귀납 단계'를 생각해 볼 때, 어떤 수의 범위에서 이런 단계들이 가장 자연스럽게 적용될 수 있을 것 같나요? 🤔 → 답변: 분수도 기초 단계랄 귀납 단계로 성립될 수 있는거 아니야? 반비례해서 줄어든다면

위 정보를 바탕으로 명료화 평가를 수행하고 결과를 JSON 형식으로 응답하세요.",,0,1144,2025-11-03 03:23:09.465368+00:00
기존 유형: K2,,,,분수도 기초 단계랄 귀납 단계로 성립될 수 있는거 아니야? 반비례해서 줄어든다면,,,0,1145,2025-11-03 03:23:11.367163+00:00
수학적 귀납법이 뭐임,K2,"증명 대상의 구체성, 수학적 귀납법의 '좋음'에 대한 기준",수학적 귀납법이 '항상 좋은 것'이라고 생각하시는 이유가 무엇인가요? 어떤 점이 궁금하신가요? 😊,항상 사용해도 괜찮은거야?,"**명료화 대화 히스토리**:
  1. 질문: 혹시 '전문 용어'라고 말씀하신 부분이 어떤 용어들을 더 자세히 알고 싶으신 건가요? 😊 그리고 '모두가 참인 이유'에 대해 어느 정도까지 더 깊이 알고 싶으신지 알려주시면 더 정확하게 설명해 드릴 수 있어요! → 답변: 예를 들면, 기저 단계 같은 것들 말이야
  2. 질문: 수학적 귀납법의 '기초 단계'와 '귀납 단계'를 생각해 볼 때, 어떤 수의 범위에서 이런 단계들이 가장 자연스럽게 적용될 수 있을 것 같나요? 🤔 → 답변: 분수도 기초 단계랄 귀납 단계로 성립될 수 있는거 아니야? 반비례해서 줄어든다면
  3. 질문: 수학적 귀납법이 '항상 좋은 것'이라고 생각하시는 이유가 무엇인가요? 어떤 점이 궁금하신가요? 😊 → 답변: 항상 사용해도 괜찮은거야?

위 정보를 바탕으로 명료화 평가를 수행하고 결과를 JSON 형식으로 응답하세요.",,0,1156,2025-11-03 03:29:21.841775+00:00
기존 유형: K2,,,,항상 사용해도 괜찮은거야?,,,0,1157,2025-11-03 03:29:24.077423+00:00
a_n = (1+1/n)^n,K3,"문제 유형, 주어진 조건, 결과 형식","지금 '모든 자연수 n에 대해 $a_n < 3$'이라는 명제를 증명하고 싶으신 건가요? 그렇다면 어떤 방법으로 증명해보고 싶으신지, 혹은 어떤 부분이 막히는지 조금 더 구체적으로 알려주시겠어요? 😊",귀납법,"**명료화 대화 히스토리**:
  1. 질문: 지금 '모든 자연수 n에 대해 $a_n < 3$'이라는 명제를 증명하고 싶으신 건가요? 그렇다면 어떤 방법으로 증명해보고 싶으신지, 혹은 어떤 부분이 막히는지 조금 더 구체적으로 알려주시겠어요? 😊 → 답변: 귀납법

위 정보를 바탕으로 명료화 평가를 수행하고 결과를 JSON 형식으로 응답하세요.",,0,1296,2025-11-04 10:54:10.007438+00:00
기존 유형: K3,,,,귀납법,,,0,1297,2025-11-04 10:54:12.454938+00:00
이차함수 알려줘,K2,"설명 깊이, 연결성","이차함수에 대해 어떤 부분을 가장 먼저 알고 싶으신가요? 예를 들어, 이차함수가 무엇인지 기본적인 정의부터 알아볼까요, 아니면 이차함수의 그래프 모양이나 특징에 대해 더 자세히 알고 싶으신가요? 😊",특징에 대해 알려줘,"**명료화 대화 히스토리**:
  1. 질문: 이차함수에 대해 어떤 부분을 가장 먼저 알고 싶으신가요? 예를 들어, 이차함수가 무엇인지 기본적인 정의부터 알아볼까요, 아니면 이차함수의 그래프 모양이나 특징에 대해 더 자세히 알고 싶으신가요? 😊 → 답변: 특징에 대해 알려줘

위 정보를 바탕으로 명료화 평가를 수행하고 결과를 JSON 형식으로 응답하세요.",,0,1348,2025-11-05 03:55:19.617164+00:00
기존 유형: K2,,,,특징에 대해 알려줘,,,0,1349,2025-11-05 03:55:21.257770+00:00
2이상의 모든 자연수 n에 대해 n<n 2 임을 수학적 귀납법으로ㅓ 증명,K2,"설명 깊이, 연결성",학생이 생각하는 '당연하다'는 어떤 의미인가요? 🤔 그리고 수학적 증명이 왜 필요하다고 생각하시나요?,난 이건 수학적 귀납법이 필요없다고 생각하는데,"**명료화 대화 히스토리**:
  1. 질문: 학생이 생각하는 '당연하다'는 어떤 의미인가요? 🤔 그리고 수학적 증명이 왜 필요하다고 생각하시나요? → 답변: 난 이건 수학적 귀납법이 필요없다고 생각하는데

위 정보를 바탕으로 명료화 평가를 수행하고 결과를 JSON 형식으로 응답하세요.",,0,1375,2025-11-05 05:00:21.853358+00:00
문제1,K2,"설명 깊이, 연결성",수학적 귀납법을 '저것'이라고 표현하신 이유가 무엇인가요? 😊 혹시 방금 전 증명 과정에서 어떤 부분이 특별히 궁금하게 느껴지셨나요?,콜뵈기싫어,"**명료화 대화 히스토리**:
  1. 질문: 수학적 귀납법을 '저것'이라고 표현하신 이유가 무엇인가요? 😊 혹시 방금 전 증명 과정에서 어떤 부분이 특별히 궁금하게 느껴지셨나요? → 답변: 콜뵈기싫어

위 정보를 바탕으로 명료화 평가를 수행하고 결과를 JSON 형식으로 응답하세요.",,0,1380,2025-11-05 05:03:39.282193+00:00
문제2,K2,"설명 깊이, 연결성",수학적 귀납법으로 증명하는 것이 왜 필요하다고 생각하시나요? 혹시 '당연하다'고 느끼시는 이유가 무엇인지 조금 더 설명해주실 수 있을까요? 😊,2가 제곱되면4잖아 2가4보다큰건 당연하잖아 근데 그걸 왜 귀납법으로 풀이해야하는건데,"**명료화 대화 히스토리**:
  1. 질문: 수학적 귀납법으로 증명하는 것이 왜 필요하다고 생각하시나요? 혹시 '당연하다'고 느끼시는 이유가 무엇인지 조금 더 설명해주실 수 있을까요? 😊 → 답변: 2가 제곱되면4잖아 2가4보다큰건 당연하잖아 근데 그걸 왜 귀납법으로 풀이해야하는건데

위 정보를 바탕으로 명료화 평가를 수행하고 결과를 JSON 형식으로 응답하세요.",,0,1385,2025-11-05 05:06:31.255291+00:00
기존 유형: K2,,,,2가 제곱되면4잖아 2가4보다큰건 당연하잖아 근데 그걸 왜 귀납법으로 풀이해야하는건데,,,0,1386,2025-11-05 05:06:33.279642+00:00
다른 학문에서 귀납적 증명이 사용되는 예,K2,"설명 깊이, 연결성","귀납적 증명이 다른 학문에서 어떻게 쓰이는지 궁금하시군요! 혹시 수학 외에 특별히 관심 있는 학문 분야가 있으신가요? 예를 들어 과학, 컴퓨터, 아니면 다른 분야가 있을까요? 😊",다,"**명료화 대화 히스토리**:
  1. 질문: 귀납적 증명이 다른 학문에서 어떻게 쓰이는지 궁금하시군요! 혹시 수학 외에 특별히 관심 있는 학문 분야가 있으신가요? 예를 들어 과학, 컴퓨터, 아니면 다른 분야가 있을까요? 😊 → 답변: 다

위 정보를 바탕으로 명료화 평가를 수행하고 결과를 JSON 형식으로 응답하세요.",,0,1396,2025-11-06 01:42:46.216618+00:00
"2이상의 자연수 n에 대해, n! < n^2 임을 증명해야 함. 이 때, $n=k+1$ 일 때를 증명해보자. $\left(k+1\right)!<\left(k+1\right)^{k+1}$ 이 되는 거 맞아?",K3,"문제 유형, 주어진 조건, 결과 형식","네, 원래 증명하려던 부등식이 n! < n^n 이었다는 말씀이시군요! 그렇다면 n=k+1일 때 증명해야 할 부등식이 $(k+1)! < (k+1)^{k+1}$ 이 맞는지, 그리고 이 부등식을 증명하기 위해 어떤 방법을 시도해 보셨는지 알려주시겠어요?","아니 그걸 알려달라고,, 증명해야 할 부등식이 $(k+1)! < (k+1)^{k+1}$ 이거 맞음?","**명료화 대화 히스토리**:
  1. 질문: 네, 원래 증명하려던 부등식이 n! < n^n 이었다는 말씀이시군요! 그렇다면 n=k+1일 때 증명해야 할 부등식이 $(k+1)! < (k+1)^{k+1}$ 이 맞는지, 그리고 이 부등식을 증명하기 위해 어떤 방법을 시도해 보셨는지 알려주시겠어요? → 답변: 아니 그걸 알려달라고,, 증명해야 할 부등식이 $(k+1)! < (k+1)^{k+1}$ 이거 맞음?

위 정보를 바탕으로 명료화 평가를 수행하고 결과를 JSON 형식으로 응답하세요.",,0,1435,2025-11-06 06:37:21.333019+00:00
기존 유형: K3,,,,"아니 그걸 알려달라고,, 증명해야 할 부등식이 $(k+1)! < (k+1)^$ 이거 맞음?",,,0,1436,2025-11-06 06:37:23.652379+00:00
문제2,K3,"문제 유형, 주어진 조건, 결과 형식",지금 수학적 귀납법 증명 문제 풀이 중에 어느 부분에서 더 도움이 필요하신가요? 😊,나 잘못 풀고 있는거야?,"**명료화 대화 히스토리**:
  1. 질문: 지금 수학적 귀납법 증명 문제 풀이 중에 어느 부분에서 더 도움이 필요하신가요? 😊 → 답변: 나 잘못 풀고 있는거야?

위 정보를 바탕으로 명료화 평가를 수행하고 결과를 JSON 형식으로 응답하세요.",,0,1441,2025-11-06 06:39:25.012718+00:00
기존 유형: K3,,,,나 잘못 풀고 있는거야?,,,0,1442,2025-11-06 06:39:28.639405+00:00
θ 2  = cos − 1 ( 2 L 1  L 2  x 2 + y 2 − L 1 2  − L 2 2   ) $θ1=tan⁡−1(\frac{y}{x})−tan⁡−1(L2sin⁡(θ2)L1+L2cos⁡(θ2))θ_1 = \tan^{-1}\left(\frac{y}{x}\right) - \tan^{-1}\left(\frac{L_2 \sin(θ_2)}{L_1 + L_2 \cos(θ_2)}\right)$  θ 1  = tan − 1 ( x y  ) − tan − 1 ( L 1  + L 2  cos ( θ 2  ) L 2  sin ( θ 2  )  ),K3,"문제 유형, 주어진 조건, 결과 형식","이 문제에서 θ1과 θ2는 어떤 관계를 가지고 있고, 어떤 값을 구하려고 하는 건가요? 😊",이 식에 대해 설명 해줘,"**명료화 대화 히스토리**:
  1. 질문: 이 문제에서 θ1과 θ2는 어떤 관계를 가지고 있고, 어떤 값을 구하려고 하는 건가요? 😊 → 답변: 이 식에 대해 설명 해줘

위 정보를 바탕으로 명료화 평가를 수행하고 결과를 JSON 형식으로 응답하세요.",,0,1457,2025-11-07 01:54:15.892699+00:00
θ 2  = cos − 1 ( 2 L 1  L 2  x 2 + y 2 − L 1 2  − L 2 2   ) $θ1=tan⁡−1(\frac{y}{x})−tan⁡−1(L2sin⁡(θ2)L1+L2cos⁡(θ2))θ_1 = \tan^{-1}\left(\frac{y}{x}\right) - \tan^{-1}\left(\frac{L_2 \sin(θ_2)}{L_1 + L_2 \cos(θ_2)}\right)$  θ 1  = tan − 1 ( x y  ) − tan − 1 ( L 1  + L 2  cos ( θ 2  ) L 2  sin ( θ 2  )  ),K3,"문제 유형, 주어진 조건, 결과 형식","이 문제에서 θ1과 θ2는 어떤 관계를 가지고 있고, 어떤 값을 구하려고 하는 건가요? 😊",역 운동학에서 나왔는데 그냥 궁금해,"**명료화 대화 히스토리**:
  1. 질문: 이 문제에서 θ1과 θ2는 어떤 관계를 가지고 있고, 어떤 값을 구하려고 하는 건가요? 😊 → 답변: 이 식에 대해 설명 해줘
  2. 질문: 이 식은 어떤 맥락에서 나왔고, θ1과 θ2는 각각 무엇을 나타내나요? 또한, 이 식을 통해 어떤 구체적인 값을 계산하거나 증명하려고 하시나요? → 답변: 역 운동학에서 나왔는데 그냥 궁금해

위 정보를 바탕으로 명료화 평가를 수행하고 결과를 JSON 형식으로 응답하세요.",,0,1458,2025-11-07 01:54:31.184139+00:00
기존 유형: K3,,,,역 운동학에서 나왔는데 그냥 궁금해,,,0,1459,2025-11-07 01:54:33.196910+00:00
"하노이 탑은 문제의 점화식은 $a_{n+1} = 2a_n + 1, a_1 = 1$ 이다.",K2,"설명 깊이, 연결성",수학적 귀납법의 어떤 부분이 더 궁금하신가요? 😊,뜌뜌ㄷ땨땨뜌땨뜌땨뜌뜌ㄷ땨땨뜌땨뜌땨뜌뜌ㄷ땨땨뜌땨뜌땨뜌뜌ㄷ땨땨뜌땨뜌땨,"**명료화 대화 히스토리**:
  1. 질문: 수학적 귀납법의 어떤 부분이 더 궁금하신가요? 😊 → 답변: 뜌뜌ㄷ땨땨뜌땨뜌땨뜌뜌ㄷ땨땨뜌땨뜌땨뜌뜌ㄷ땨땨뜌땨뜌땨뜌뜌ㄷ땨땨뜌땨뜌땨

위 정보를 바탕으로 명료화 평가를 수행하고 결과를 JSON 형식으로 응답하세요.",,0,1473,2025-11-07 01:59:37.093270+00:00
"하노이 탑은 문제의 점화식은 $a_{n+1} = 2a_n + 1, a_1 = 1$ 이다.",K2,"설명 깊이, 연결성",수학적 귀납법의 어떤 부분이 더 궁금하신가요? 😊,미안해,"**명료화 대화 히스토리**:
  1. 질문: 수학적 귀납법의 어떤 부분이 더 궁금하신가요? 😊 → 답변: 뜌뜌ㄷ땨땨뜌땨뜌땨뜌뜌ㄷ땨땨뜌땨뜌땨뜌뜌ㄷ땨땨뜌땨뜌땨뜌뜌ㄷ땨땨뜌땨뜌땨
  2. 질문: 수학적 귀납법 증명의 각 단계(기본 단계, 귀납 단계) 중 어느 부분이 특히 어렵게 느껴지시나요? 아니면 증명 과정 자체에 대한 구체적인 설명이 필요하신가요? → 답변: 미안해

위 정보를 바탕으로 명료화 평가를 수행하고 결과를 JSON 형식으로 응답하세요.",,0,1474,2025-11-07 01:59:43.999933+00:00
"하노이 탑은 문제의 점화식은 $a_{n+1} = 2a_n + 1, a_1 = 1$ 이다.",K2,"설명 깊이, 연결성",수학적 귀납법의 어떤 부분이 더 궁금하신가요? 😊,잠시만 한번 공부해보고 알려줄께 기다려줘,"**명료화 대화 히스토리**:
  1. 질문: 수학적 귀납법의 어떤 부분이 더 궁금하신가요? 😊 → 답변: 뜌뜌ㄷ땨땨뜌땨뜌땨뜌뜌ㄷ땨땨뜌땨뜌땨뜌뜌ㄷ땨땨뜌땨뜌땨뜌뜌ㄷ땨땨뜌땨뜌땨
  2. 질문: 수학적 귀납법 증명의 각 단계(기본 단계, 귀납 단계) 중 어느 부분이 특히 어렵게 느껴지시나요? 아니면 증명 과정 자체에 대한 구체적인 설명이 필요하신가요? → 답변: 미안해
  3. 질문: 하노이 탑 문제와 관련된 수학적 귀납법 증명에서 구체적으로 어떤 부분이 어렵게 느껴지시는지 다시 한번 설명해주시겠어요? 예를 들어, 기본 단계, 귀납 단계, 혹은 두 단계를 연결하는 부분 등 더 구체적으로 알려주시면 도움을 드릴 수 있습니다. → 답변: 잠시만 한번 공부해보고 알려줄께 기다려줘

위 정보를 바탕으로 명료화 평가를 수행하고 결과를 JSON 형식으로 응답하세요.",,0,1475,2025-11-07 02:00:00.576689+00:00
하노이 탑 수학적 귀납법으로 증명,K2,"설명 깊이, 연결성","방금 설명드린 Hanoi Tower 문제의 수학적 귀납법 증명 중에서 어떤 부분을 조금 더 간략하게 알고 싶으신가요? 예를 들어, 기저 단계, 귀납 단계, 아니면 전체적인 흐름을 말씀해주시면 더 정확하게 설명해 드릴 수 있어요. 😊",귀납,"**명료화 대화 히스토리**:
  1. 질문: 방금 설명드린 Hanoi Tower 문제의 수학적 귀납법 증명 중에서 어떤 부분을 조금 더 간략하게 알고 싶으신가요? 예를 들어, 기저 단계, 귀납 단계, 아니면 전체적인 흐름을 말씀해주시면 더 정확하게 설명해 드릴 수 있어요. 😊 → 답변: 귀납

위 정보를 바탕으로 명료화 평가를 수행하고 결과를 JSON 형식으로 응답하세요.",,0,1496,2025-11-07 02:52:45.767378+00:00
기존 유형: K2,,,,귀납,,,0,1497,2025-11-07 02:52:47.300795+00:00
문제1,K2,"설명 깊이, 구체적인 궁금증","어떤 부분이 가장 어렵게 느껴지시나요? 예를 들어, 수학적 귀납법의 각 단계 중 하나, 아니면 점화식을 세우는 과정이 궁금하신가요? 😊",점화식,"**명료화 대화 히스토리**:
  1. 질문: 어떤 부분이 가장 어렵게 느껴지시나요? 예를 들어, 수학적 귀납법의 각 단계 중 하나, 아니면 점화식을 세우는 과정이 궁금하신가요? 😊 → 답변: 점화식

위 정보를 바탕으로 명료화 평가를 수행하고 결과를 JSON 형식으로 응답하세요.",,0,1509,2025-11-07 03:08:40.137787+00:00
기존 유형: K2,,,,점화식,,,0,1510,2025-11-07 03:08:42.370017+00:00
문제2,K3,보강해야 할 부분의 구체적인 내용,증명 과정에서 혹시 더 궁금하거나 '이 부분이 좀 더 명확했으면 좋겠다'고 생각되는 부분이 있으신가요? 😊,증명과정전체를 완벽ㅇ사게하고싶어,"**명료화 대화 히스토리**:
  1. 질문: 증명 과정에서 혹시 더 궁금하거나 '이 부분이 좀 더 명확했으면 좋겠다'고 생각되는 부분이 있으신가요? 😊 → 답변: 증명과정전체를 완벽ㅇ사게하고싶어

위 정보를 바탕으로 명료화 평가를 수행하고 결과를 JSON 형식으로 응답하세요.",,0,1517,2025-11-07 03:10:46.632857+00:00
기존 유형: K3,,,,증명과정전체를 완벽ㅇ사게하고싶어,,,0,1518,2025-11-07 03:10:48.407871+00:00
문제 1,K3,"문제 유형, 주어진 조건, 결과 형식","첫 번째 문제는 수학적 귀납법으로 증명하는 것을 원하시는데, 두 번째 예시는 로그 부등식 증명이네요. 혹시 두 문제의 풀이 형식을 어떻게 연결해서 보여드리길 원하시는지 조금 더 구체적으로 말씀해주실 수 있을까요? 😊","풀이를 연결짓지 말고 1, 2 이렇게 나눠서 설명하잖아, 이런식으로 형식만 맞춰","**명료화 대화 히스토리**:
  1. 질문: 첫 번째 문제는 수학적 귀납법으로 증명하는 것을 원하시는데, 두 번째 예시는 로그 부등식 증명이네요. 혹시 두 문제의 풀이 형식을 어떻게 연결해서 보여드리길 원하시는지 조금 더 구체적으로 말씀해주실 수 있을까요? 😊 → 답변: 풀이를 연결짓지 말고 1, 2 이렇게 나눠서 설명하잖아, 이런식으로 형식만 맞춰

위 정보를 바탕으로 명료화 평가를 수행하고 결과를 JSON 형식으로 응답하세요.",,0,1531,2025-11-09 09:37:48.062829+00:00
기존 유형: K3,,,,"풀이를 연결짓지 말고 1, 2 이렇게 나눠서 설명하잖아, 이런식으로 형식만 맞춰",,,0,1532,2025-11-09 09:37:49.611587+00:00
문제2,K2,"연결성, 설명 깊이","귀납 단계에서 'n=k'일 때 명제가 성립한다고 가정하는 것이, 'n=k' 자체를 가정하는 것과 어떻게 다른지 설명해 줄 수 있나요? 😊",같아,"**명료화 대화 히스토리**:
  1. 질문: 귀납 단계에서 'n=k'일 때 명제가 성립한다고 가정하는 것이, 'n=k' 자체를 가정하는 것과 어떻게 다른지 설명해 줄 수 있나요? 😊 → 답변: 같아

위 정보를 바탕으로 명료화 평가를 수행하고 결과를 JSON 형식으로 응답하세요.",,0,1580,2025-11-10 00:06:08.268450+00:00
문제2,K2,"연결성, 설명 깊이","귀납 단계에서 'n=k'일 때 명제가 성립한다고 가정하는 것이, 'n=k' 자체를 가정하는 것과 어떻게 다른지 설명해 줄 수 있나요? 😊",귀납 단계는 n = k일때 명제가  성립한다고 가정을 하고 n = k+1 와의 관계를 찾아내는것을 귀납단계라고해?,"**명료화 대화 히스토리**:
  1. 질문: 귀납 단계에서 'n=k'일 때 명제가 성립한다고 가정하는 것이, 'n=k' 자체를 가정하는 것과 어떻게 다른지 설명해 줄 수 있나요? 😊 → 답변: 같아
  2. 질문: 수학적 귀납법에서 'n=k일 때 명제가 성립한다고 가정하는 것'이 왜 필요한지, 그리고 그 가정이 귀납 단계 증명에 어떻게 활용되는지 좀 더 자세히 설명해 줄 수 있나요? 😊 → 답변: 귀납 단계는 n = k일때 명제가  성립한다고 가정을 하고 n = k+1 와의 관계를 찾아내는것을 귀납단계라고해?

위 정보를 바탕으로 명료화 평가를 수행하고 결과를 JSON 형식으로 응답하세요.",,0,1581,2025-11-10 00:06:58.116805+00:00
기존 유형: K2,,,,귀납 단계는 n = k일때 명제가  성립한다고 가정을 하고 n = k+1 와의 관계를 찾아내는것을 귀납단계라고해?,,,0,1582,2025-11-10 00:06:59.883343+00:00
수학적 귀납법이 뭐임,K2,"연결성, 설명 깊이",수학적 귀납법에서 '기초 단계'와 '귀납 단계'가 왜 둘 다 필요한지에 대해 혹시 더 궁금한 점이 있으신가요? 😊,"아 기초 단계는 1이 되어야지 시작이 되니까 한다는 것은 이해를 했거든? 근데 귀납 단계에서 k, k+1이 참이면 모두가 참이다 가 왜 되는지 모르겠어. 예를 들어서 k, k+1은 참인데, k+2는 참이 아닐 수 있잖아","**명료화 대화 히스토리**:
  1. 질문: 혹시 '전문 용어'라고 말씀하신 부분이 어떤 용어들을 더 자세히 알고 싶으신 건가요? 😊 그리고 '모두가 참인 이유'에 대해 어느 정도까지 더 깊이 알고 싶으신지 알려주시면 더 정확하게 설명해 드릴 수 있어요! → 답변: 예를 들면, 기저 단계 같은 것들 말이야
  2. 질문: 수학적 귀납법의 '기초 단계'와 '귀납 단계'를 생각해 볼 때, 어떤 수의 범위에서 이런 단계들이 가장 자연스럽게 적용될 수 있을 것 같나요? 🤔 → 답변: 분수도 기초 단계랄 귀납 단계로 성립될 수 있는거 아니야? 반비례해서 줄어든다면
  3. 질문: 수학적 귀납법이 '항상 좋은 것'이라고 생각하시는 이유가 무엇인가요? 어떤 점이 궁금하신가요? 😊 → 답변: 항상 사용해도 괜찮은거야?
  4. 질문: 수학적 귀납법에서 '기초 단계'와 '귀납 단계'가 왜 둘 다 필요한지에 대해 혹시 더 궁금한 점이 있으신가요? 😊 → 답변: 아 기초 단계는 1이 되어야지 시작이 되니까 한다는 것은 이해를 했거든? 근데 귀납 단계에서 k, k+1이 참이면 모두가 참이다 가 왜 되는지 모르겠어. 예를 들어서 k, k+1은 참인데, k+2는 참이 아닐 수 있잖아

위 정보를 바탕으로 명료화 평가를 수행하고 결과를 JSON 형식으로 응답하세요.",,0,1629,2025-11-10 03:01:12.604326+00:00
기존 유형: K2,,,,"아 기초 단계는 1이 되어야지 시작이 되니까 한다는 것은 이해를 했거든? 근데 귀납 단계에서 k, k+1이 참이면 모두가 참이다 가 왜 되는지 모르겠어. 예를 들어서 k, k+1은 참인데, k+2는 참이 아닐 수 있잖아",,,0,1630,2025-11-10 03:01:14.438725+00:00
부등식을 수학적 귀납법 정의로 증명하는 방법을 알려줘,K3,"연결성, 적용 대상, 이해 깊이","이전 답변에서 $(k+1)! = (k+1) 	imes k!$ 라는 식에 귀납 가정 $k! > 2^k$을 어떻게 적용해야 $(k+1)! > (k+1) 	imes 2^k$ 가 되는지 조금 더 자세히 알고 싶으신 건가요? 아니면, 그 다음 단계인 $(k+1) 	imes 2^k > 2^{k+1}$ 이 되는 이유가 더 궁금하신가요? 😊",imes2^k가 뭔데,"**명료화 대화 히스토리**:
  1. 질문: 이전 답변에서 $(k+1)! = (k+1) 	imes k!$ 라는 식에 귀납 가정 $k! > 2^k$을 어떻게 적용해야 $(k+1)! > (k+1) 	imes 2^k$ 가 되는지 조금 더 자세히 알고 싶으신 건가요? 아니면, 그 다음 단계인 $(k+1) 	imes 2^k > 2^{k+1}$ 이 되는 이유가 더 궁금하신가요? 😊 → 답변: imes2^k가 뭔데

위 정보를 바탕으로 명료화 평가를 수행하고 결과를 JSON 형식으로 응답하세요.",,0,1658,2025-11-11 11:06:12.732821+00:00
부등식을 수학적 귀납법 정의로 증명하는 방법을 알려줘,K3,"연결성, 적용 대상, 이해 깊이","이전 답변에서 $(k+1)! = (k+1) 	imes k!$ 라는 식에 귀납 가정 $k! > 2^k$을 어떻게 적용해야 $(k+1)! > (k+1) 	imes 2^k$ 가 되는지 조금 더 자세히 알고 싶으신 건가요? 아니면, 그 다음 단계인 $(k+1) 	imes 2^k > 2^{k+1}$ 이 되는 이유가 더 궁금하신가요? 😊",너가 그런 표현을 썼잖아? 그게 뭐냐고,"**명료화 대화 히스토리**:
  1. 질문: 이전 답변에서 $(k+1)! = (k+1) 	imes k!$ 라는 식에 귀납 가정 $k! > 2^k$을 어떻게 적용해야 $(k+1)! > (k+1) 	imes 2^k$ 가 되는지 조금 더 자세히 알고 싶으신 건가요? 아니면, 그 다음 단계인 $(k+1) 	imes 2^k > 2^{k+1}$ 이 되는 이유가 더 궁금하신가요? 😊 → 답변: imes2^k가 뭔데
  2. 질문:  ""(k+1) imes 2^k"" 라는 표현이 어떻게 나왔는지, 그리고 이것이 수학적으로 어떤 의미를 가지는지 더 자세히 설명해 드릴까요? 예를 들어, 이것이 부등식의 좌변을 변형한 결과인지, 아니면 다른 의미를 가지는지 궁금하신가요? → 답변: 너가 그런 표현을 썼잖아? 그게 뭐냐고

위 정보를 바탕으로 명료화 평가를 수행하고 결과를 JSON 형식으로 응답하세요.",,0,1659,2025-11-11 11:06:24.051906+00:00
부등식을 수학적 귀납법 정의로 증명하는 방법을 알려줘,K3,"연결성, 적용 대상, 이해 깊이","이전 답변에서 $(k+1)! = (k+1) 	imes k!$ 라는 식에 귀납 가정 $k! > 2^k$을 어떻게 적용해야 $(k+1)! > (k+1) 	imes 2^k$ 가 되는지 조금 더 자세히 알고 싶으신 건가요? 아니면, 그 다음 단계인 $(k+1) 	imes 2^k > 2^{k+1}$ 이 되는 이유가 더 궁금하신가요? 😊",내가 한 증명이 맞는지 확인해줘.,"**명료화 대화 히스토리**:
  1. 질문: 이전 답변에서 $(k+1)! = (k+1) 	imes k!$ 라는 식에 귀납 가정 $k! > 2^k$을 어떻게 적용해야 $(k+1)! > (k+1) 	imes 2^k$ 가 되는지 조금 더 자세히 알고 싶으신 건가요? 아니면, 그 다음 단계인 $(k+1) 	imes 2^k > 2^{k+1}$ 이 되는 이유가 더 궁금하신가요? 😊 → 답변: imes2^k가 뭔데
  2. 질문:  ""(k+1) imes 2^k"" 라는 표현이 어떻게 나왔는지, 그리고 이것이 수학적으로 어떤 의미를 가지는지 더 자세히 설명해 드릴까요? 예를 들어, 이것이 부등식의 좌변을 변형한 결과인지, 아니면 다른 의미를 가지는지 궁금하신가요? → 답변: 너가 그런 표현을 썼잖아? 그게 뭐냐고
  3. 질문: 이전 답변에서 사용된 ""(k+1) * 2^k""라는 표현이 어떻게 나왔는지, 즉 부등식의 좌변을 변형하는 과정에서 귀납 가정 $k! > 2^k$을 적용하여 얻어진 결과임을 더 자세히 설명해 드릴까요? → 답변: 내가 한 증명이 맞는지 확인해줘.

n=4 일 때, 24 > 16 임으로 성립하고
n=k (k>=4) 일 때,
k! > 2^k이고,

n=k+1 dlf Eo, (k+1)!>2^(k+1) 인 상황에서,
2^k 는 k!보다 작으니까 대체할 수 있고

그렇기에 (k+1)*k! > 2^(k+1)
이 되기 때문에 k>1이 되고, k>=4이기 때문에 증명이 되는거야?

위 정보를 바탕으로 명료화 평가를 수행하고 결과를 JSON 형식으로 응답하세요.",,0,1660,2025-11-11 11:13:48.974736+00:00
기존 유형: K3,,,,내가 한 증명이 맞는지 확인해줘.,,,0,1661,2025-11-11 11:13:51.403429+00:00
"$F_{n+2}=F_{n}+F_{n+1},F_1=F_2=1$ 인 수열에 대해 $\sum_{i=1}^{n}F_{i}=F_{n+2}-1$ 임을 수학적 귀납법을 이용하여 증명해. 각각 증명하는 과정에서 일어나는 방법을 자세하게 설명해줘",K3,"문제 유형, 주어진 조건, 결과 형식","혹시 이전 설명에서 어떤 부분이 더 궁금하시거나, 다시 보고 싶은 부분이 있으신가요? 😊",방금 답변하지 못한 거 다시 해줘,"**명료화 대화 히스토리**:
  1. 질문: 혹시 이전 설명에서 어떤 부분이 더 궁금하시거나, 다시 보고 싶은 부분이 있으신가요? 😊 → 답변: 방금 답변하지 못한 거 다시 해줘

위 정보를 바탕으로 명료화 평가를 수행하고 결과를 JSON 형식으로 응답하세요.",,0,1669,2025-11-11 11:38:34.353250+00:00
문제1,K3,"문제 유형, 주어진 조건, 결과 형식",어떤 문제의 풀이 과정을 간결하게 보여드리면 좋을까요? 😊,"문제1모든 자연수 $n$  에 대해, $1+2+4+\ldots+2^{n-1} = 2^n-1$   임을수학적 귀납법을 이용하여 증명하시오","**명료화 대화 히스토리**:
  1. 질문: 어떤 문제의 풀이 과정을 간결하게 보여드리면 좋을까요? 😊 → 답변: 문제1모든 자연수 $n$  에 대해, $1+2+4+\ldots+2^{n-1} = 2^n-1$   임을수학적 귀납법을 이용하여 증명하시오

위 정보를 바탕으로 명료화 평가를 수행하고 결과를 JSON 형식으로 응답하세요.",,0,1701,2025-11-12 02:04:06.902144+00:00
기존 유형: K3,,,,"문제1모든 자연수 $n$  에 대해, $1+2+4+\ldots+2^ = 2^n-1$   임을수학적 귀납법을 이용하여 증명하시오",,,0,1702,2025-11-12 02:04:08.378031+00:00
$\log_2\left(k+1이\log_2k+\log_2\left(1+\frac{1}{k}\right)\right.$ 가 되는 이유,K2,"설명 깊이, 연결성",지금 'k+1이'라고 표현하신 부분이 등호(=)를 의미하는 것이 맞을까요? 😊,어어 맞아,"**명료화 대화 히스토리**:
  1. 질문: 지금 'k+1이'라고 표현하신 부분이 등호(=)를 의미하는 것이 맞을까요? 😊 → 답변: 어어 맞아

위 정보를 바탕으로 명료화 평가를 수행하고 결과를 JSON 형식으로 응답하세요.",,0,1731,2025-11-12 05:32:28.094549+00:00
기존 유형: K2,,,,어어 맞아,,,0,1732,2025-11-12 05:32:29.645783+00:00
5이상의 모든 자연수 n에 대해 2^n>n^2임을 수학적 귀납법을 이용하여 증명하시오,K3,"문제 유형, 주어진 조건, 결과 형식",근의 공식을 이용한 설명 중에서 어떤 부분이 가장 어렵게 느껴지셨나요? 혹시 다른 방식으로 접근하는 방법을 원하시나요? 😊,그냥 근의 공식을 쓰고 싶지 않아,"**명료화 대화 히스토리**:
  1. 질문: 근의 공식을 이용한 설명 중에서 어떤 부분이 가장 어렵게 느껴지셨나요? 혹시 다른 방식으로 접근하는 방법을 원하시나요? 😊 → 답변: 그냥 근의 공식을 쓰고 싶지 않아

위 정보를 바탕으로 명료화 평가를 수행하고 결과를 JSON 형식으로 응답하세요.",,0,1739,2025-11-12 06:08:50.006145+00:00
5이상의 모든 자연수 n에 대해 2^n>n^2임을 수학적 귀납법을 이용하여 증명하시오,K3,"문제 유형, 주어진 조건, 결과 형식",근의 공식을 이용한 설명 중에서 어떤 부분이 가장 어렵게 느껴지셨나요? 혹시 다른 방식으로 접근하는 방법을 원하시나요? 😊,아니싫다고,"**명료화 대화 히스토리**:
  1. 질문: 근의 공식을 이용한 설명 중에서 어떤 부분이 가장 어렵게 느껴지셨나요? 혹시 다른 방식으로 접근하는 방법을 원하시나요? 😊 → 답변: 그냥 근의 공식을 쓰고 싶지 않아
  2. 질문: 원본 질문은 수학적 귀납법을 이용한 증명을 요청하고 있습니다. 혹시 수학적 귀납법 증명 과정에서 어떤 부분이 어렵게 느껴지시나요? 아니면 증명 자체에 대한 다른 접근 방식을 원하시나요? → 답변: 아니싫다고

위 정보를 바탕으로 명료화 평가를 수행하고 결과를 JSON 형식으로 응답하세요.",,0,1740,2025-11-12 06:08:57.313138+00:00
5이상의 모든 자연수 n에 대해 2^n>n^2임을 수학적 귀납법을 이용하여 증명하시오,K3,"문제 유형, 주어진 조건, 결과 형식",근의 공식을 이용한 설명 중에서 어떤 부분이 가장 어렵게 느껴지셨나요? 혹시 다른 방식으로 접근하는 방법을 원하시나요? 😊,근의 공식 싫다고 쉽게 설명해줘,"**명료화 대화 히스토리**:
  1. 질문: 근의 공식을 이용한 설명 중에서 어떤 부분이 가장 어렵게 느껴지셨나요? 혹시 다른 방식으로 접근하는 방법을 원하시나요? 😊 → 답변: 그냥 근의 공식을 쓰고 싶지 않아
  2. 질문: 원본 질문은 수학적 귀납법을 이용한 증명을 요청하고 있습니다. 혹시 수학적 귀납법 증명 과정에서 어떤 부분이 어렵게 느껴지시나요? 아니면 증명 자체에 대한 다른 접근 방식을 원하시나요? → 답변: 아니싫다고
  3. 질문: 학생이 수학적 귀납법 증명 자체에 대한 어려움을 느끼는지, 아니면 증명 과정의 특정 단계(예: 가정, 결론 도출)에 대한 어려움을 느끼는지 구체적으로 질문해야 합니다. 또한, ""아니싫다고""라는 답변이 수학적 귀납법을 사용하고 싶지 않다는 의미인지, 아니면 증명 자체를 원하지 않는다는 의미인지 추가적인 확인이 필요합니다. → 답변: 근의 공식 싫다고 쉽게 설명해줘

위 정보를 바탕으로 명료화 평가를 수행하고 결과를 JSON 형식으로 응답하세요.",,0,1741,2025-11-12 06:09:21.498167+00:00
5이상의 모든 자연수 n에 대해 2^n>n^2임을 수학적 귀납법을 이용하여 증명하시오,K2,"설명 깊이, 연결성","근의 공식에 대해 어느 정도까지 알고 계신가요? 혹시 근의 공식을 처음 보시는 건가요, 아니면 계산은 할 수 있는데 왜 그렇게 되는지 원리가 궁금하신 건가요? 😊",나 근의 공식 태어나서 처음 들엇어 그게 머야,"**명료화 대화 히스토리**:
  1. 질문: 근의 공식을 이용한 설명 중에서 어떤 부분이 가장 어렵게 느껴지셨나요? 혹시 다른 방식으로 접근하는 방법을 원하시나요? 😊 → 답변: 그냥 근의 공식을 쓰고 싶지 않아
  2. 질문: 원본 질문은 수학적 귀납법을 이용한 증명을 요청하고 있습니다. 혹시 수학적 귀납법 증명 과정에서 어떤 부분이 어렵게 느껴지시나요? 아니면 증명 자체에 대한 다른 접근 방식을 원하시나요? → 답변: 아니싫다고
  3. 질문: 학생이 수학적 귀납법 증명 자체에 대한 어려움을 느끼는지, 아니면 증명 과정의 특정 단계(예: 가정, 결론 도출)에 대한 어려움을 느끼는지 구체적으로 질문해야 합니다. 또한, ""아니싫다고""라는 답변이 수학적 귀납법을 사용하고 싶지 않다는 의미인지, 아니면 증명 자체를 원하지 않는다는 의미인지 추가적인 확인이 필요합니다. → 답변: 근의 공식 싫다고 쉽게 설명해줘
  4. 질문: 근의 공식에 대해 어느 정도까지 알고 계신가요? 혹시 근의 공식을 처음 보시는 건가요, 아니면 계산은 할 수 있는데 왜 그렇게 되는지 원리가 궁금하신 건가요? 😊 → 답변: 나 근의 공식 태어나서 처음 들엇어 그게 머야

위 정보를 바탕으로 명료화 평가를 수행하고 결과를 JSON 형식으로 응답하세요.",,0,1744,2025-11-12 06:09:49.520761+00:00
5이상의 모든 자연수 n에 대해 2^n>n^2임을 수학적 귀납법을 이용하여 증명하시오,K2,"설명 깊이, 연결성","근의 공식에 대해 어느 정도까지 알고 계신가요? 혹시 근의 공식을 처음 보시는 건가요, 아니면 계산은 할 수 있는데 왜 그렇게 되는지 원리가 궁금하신 건가요? 😊",니가 알려달라고,"**명료화 대화 히스토리**:
  1. 질문: 근의 공식을 이용한 설명 중에서 어떤 부분이 가장 어렵게 느껴지셨나요? 혹시 다른 방식으로 접근하는 방법을 원하시나요? 😊 → 답변: 그냥 근의 공식을 쓰고 싶지 않아
  2. 질문: 원본 질문은 수학적 귀납법을 이용한 증명을 요청하고 있습니다. 혹시 수학적 귀납법 증명 과정에서 어떤 부분이 어렵게 느껴지시나요? 아니면 증명 자체에 대한 다른 접근 방식을 원하시나요? → 답변: 아니싫다고
  3. 질문: 학생이 수학적 귀납법 증명 자체에 대한 어려움을 느끼는지, 아니면 증명 과정의 특정 단계(예: 가정, 결론 도출)에 대한 어려움을 느끼는지 구체적으로 질문해야 합니다. 또한, ""아니싫다고""라는 답변이 수학적 귀납법을 사용하고 싶지 않다는 의미인지, 아니면 증명 자체를 원하지 않는다는 의미인지 추가적인 확인이 필요합니다. → 답변: 근의 공식 싫다고 쉽게 설명해줘
  4. 질문: 근의 공식에 대해 어느 정도까지 알고 계신가요? 혹시 근의 공식을 처음 보시는 건가요, 아니면 계산은 할 수 있는데 왜 그렇게 되는지 원리가 궁금하신 건가요? 😊 → 답변: 나 근의 공식 태어나서 처음 들엇어 그게 머야
  5. 질문: 학생의 답변으로 보아, '근의 공식'이라는 용어 자체를 처음 접하는 것으로 보입니다. 따라서 근의 공식이 무엇인지, 그리고 어떤 상황에서 사용되는지에 대한 기본적인 설명이 필요합니다. 또한, 학생이 수학적 귀납법에 대한 어려움을 표현한 이유와 '근의 공식'을 언급한 이유 사이의 연결성을 파악하는 것이 중요합니다. 혹시 '근의 공식'이 수학적 귀납법 증명과는 별개로, 학생이 현재 학습하고 있거나 어려움을 느끼는 다른 수학 개념과 관련이 있는지 확인할 필요가 있습니다. → 답변: 니가 알려달라고

위 정보를 바탕으로 명료화 평가를 수행하고 결과를 JSON 형식으로 응답하세요.",,0,1745,2025-11-12 06:10:02.339183+00:00
5이상의 모든 자연수 n에 대해 2^n>n^2임을 수학적 귀납법을 이용하여 증명하시오,K2,"설명 깊이, 연결성","근의 공식에 대해 어느 정도까지 알고 계신가요? 혹시 근의 공식을 처음 보시는 건가요, 아니면 계산은 할 수 있는데 왜 그렇게 되는지 원리가 궁금하신 건가요? 😊",맞맞맞아,"**명료화 대화 히스토리**:
  1. 질문: 근의 공식을 이용한 설명 중에서 어떤 부분이 가장 어렵게 느껴지셨나요? 혹시 다른 방식으로 접근하는 방법을 원하시나요? 😊 → 답변: 그냥 근의 공식을 쓰고 싶지 않아
  2. 질문: 원본 질문은 수학적 귀납법을 이용한 증명을 요청하고 있습니다. 혹시 수학적 귀납법 증명 과정에서 어떤 부분이 어렵게 느껴지시나요? 아니면 증명 자체에 대한 다른 접근 방식을 원하시나요? → 답변: 아니싫다고
  3. 질문: 학생이 수학적 귀납법 증명 자체에 대한 어려움을 느끼는지, 아니면 증명 과정의 특정 단계(예: 가정, 결론 도출)에 대한 어려움을 느끼는지 구체적으로 질문해야 합니다. 또한, ""아니싫다고""라는 답변이 수학적 귀납법을 사용하고 싶지 않다는 의미인지, 아니면 증명 자체를 원하지 않는다는 의미인지 추가적인 확인이 필요합니다. → 답변: 근의 공식 싫다고 쉽게 설명해줘
  4. 질문: 근의 공식에 대해 어느 정도까지 알고 계신가요? 혹시 근의 공식을 처음 보시는 건가요, 아니면 계산은 할 수 있는데 왜 그렇게 되는지 원리가 궁금하신 건가요? 😊 → 답변: 나 근의 공식 태어나서 처음 들엇어 그게 머야
  5. 질문: 학생의 답변으로 보아, '근의 공식'이라는 용어 자체를 처음 접하는 것으로 보입니다. 따라서 근의 공식이 무엇인지, 그리고 어떤 상황에서 사용되는지에 대한 기본적인 설명이 필요합니다. 또한, 학생이 수학적 귀납법에 대한 어려움을 표현한 이유와 '근의 공식'을 언급한 이유 사이의 연결성을 파악하는 것이 중요합니다. 혹시 '근의 공식'이 수학적 귀납법 증명과는 별개로, 학생이 현재 학습하고 있거나 어려움을 느끼는 다른 수학 개념과 관련이 있는지 확인할 필요가 있습니다. → 답변: 니가 알려달라고
  6. 질문: 학생이 '근의 공식'을 처음 듣는다고 하였으므로, 먼저 '근의 공식'이 무엇인지, 그리고 어떤 문제(예: 이차방정식의 해를 구하는 것)에 사용되는지에 대한 간략한 설명을 제공할 수 있습니다. 이후, 이 '근의 공식'이 원래 질문인 '수학적 귀납법'을 이용한 증명과 어떻게 연결될 수 있는지, 또는 학생이 왜 이 두 개념을 연결 지어 생각했는지 추가적으로 질문할 필요가 있습니다. 예를 들어, ""혹시 이차방정식의 해를 구하는 문제와 관련해서 수학적 귀납법 증명을 하려다가 어려움을 겪었던 것인가요?"" 와 같이 질문하여 학생의 의도를 파악할 수 있습니다. → 답변: 맞맞맞아

위 정보를 바탕으로 명료화 평가를 수행하고 결과를 JSON 형식으로 응답하세요.",,0,1746,2025-11-12 06:10:17.482621+00:00
기존 유형: K2,,,,맞맞맞아,,,0,1747,2025-11-12 06:10:19.602538+00:00
1 + 1을 증명해봐,K3,"문제 유형, 주어진 조건, 결과 형식",1 + 1을 어떻게 증명하는 것이 궁금하신가요? 혹시 어떤 방법으로 증명하는 것을 생각하고 계신가요? 😊,가장 흔한 방법으로,"**명료화 대화 히스토리**:
  1. 질문: 1 + 1을 어떻게 증명하는 것이 궁금하신가요? 혹시 어떤 방법으로 증명하는 것을 생각하고 계신가요? 😊 → 답변: 가장 흔한 방법으로

위 정보를 바탕으로 명료화 평가를 수행하고 결과를 JSON 형식으로 응답하세요.",,0,1754,2025-11-13 11:03:14.104544+00:00
기존 유형: K3,,,,가장 흔한 방법으로,,,0,1755,2025-11-13 11:03:16.078702+00:00
1 + 1을 증명해봐,K3,"문제 유형, 주어진 조건, 결과 형식",어떤 종류의 수학 문제를 풀어드리길 원하시나요? 😊,수학 학습지 문제,"**명료화 대화 히스토리**:
  1. 질문: 1 + 1을 어떻게 증명하는 것이 궁금하신가요? 혹시 어떤 방법으로 증명하는 것을 생각하고 계신가요? 😊 → 답변: 가장 흔한 방법으로
  2. 질문: 어떤 종류의 수학 문제를 풀어드리길 원하시나요? 😊 → 답변: 수학 학습지 문제

위 정보를 바탕으로 명료화 평가를 수행하고 결과를 JSON 형식으로 응답하세요.",,0,1759,2025-11-13 11:06:47.782995+00:00
1 + 1을 증명해봐,K3,"문제 유형, 주어진 조건, 결과 형식",어떤 종류의 수학 문제를 풀어드리길 원하시나요? 😊,풀이,"**명료화 대화 히스토리**:
  1. 질문: 1 + 1을 어떻게 증명하는 것이 궁금하신가요? 혹시 어떤 방법으로 증명하는 것을 생각하고 계신가요? 😊 → 답변: 가장 흔한 방법으로
  2. 질문: 어떤 종류의 수학 문제를 풀어드리길 원하시나요? 😊 → 답변: 수학 학습지 문제
  3. 질문: 1 + 1을 증명하는 것이 수학 학습지 문제의 일부라고 하셨는데, 혹시 학습지에서 요구하는 특정 증명 방식이나 개념이 있나요? 예를 들어, 페아노 공리계와 같은 형식적인 증명을 말씀하시는 건가요, 아니면 더 직관적인 설명으로 충분한가요? → 답변: 풀이

위 정보를 바탕으로 명료화 평가를 수행하고 결과를 JSON 형식으로 응답하세요.",,0,1760,2025-11-13 11:07:45.626433+00:00
기존 유형: K3,,,,풀이,,,0,1761,2025-11-13 11:07:47.262072+00:00
